Workbook

Sheet Сводка
A1: Исходы сделок в пунктах: выгоднейшие параметры каждой стратегии
A2: Лист на каждую пару «стратегия × актив»: исходы по порядку, плюс — прибыль, минус — убыток.
A3: Пункт — единица котировки: BR — 1 USD за баррель, NG — 1 USD за MMBtu; шаг цены — 0.01 (BR) и 0.001 (NG).
A4: Семь семейств: размер позиции меняется, поэтому пункты даны на единицу позиции, а итог — в USD на счёт 1 000 000. Скользящие средние: 1 контракт, пункты складываются.
A5: Все числа на этом листе — формулы по листам таблиц.
A7: Лист | B7: Стратегия | C7: Актив | D7: Параметры | E7: Исходов | F7: Прибыльных | G7: Убыточных | H7: Доля прибыльных | I7: Средний прибыльный, пунктов | J7: Средний убыточный, пунктов | K7: Лучший, пунктов | L7: Худший, пунктов | M7: Макс. убыточных подряд | N7: Итог IS, USD | O7: Итог OOS, USD | P7: Итог, USD
A8: 7F_1_TSMOM_BR | B8: 1 Time-Series Momentum | C8: BR | D8: lookback=40 | E8: =COUNTIFS(7F_1_TSMOM_BR!$C$6:$C$351,"<>") -> 344 | F8: =COUNTIFS(7F_1_TSMOM_BR!$J$6:$J$351,">0",7F_1_TSMOM_BR!$C$6:$C$351,"<>") -> 163 | G8: =COUNTIFS(7F_1_TSMOM_BR!$J$6:$J$351,"<0",7F_1_TSMOM_BR!$C$6:$C$351,"<>") -> 181 | H8: =IF(E8>0,F8/E8,0) -> 0.47383721 | I8: =IFERROR(AVERAGEIFS(7F_1_TSMOM_BR!$J$6:$J$351,7F_1_TSMOM_BR!$J$6:$J$351,">0",7F_1_TSMOM_BR!$C$6:$C$351,"<>"),0) -> 7.5499368 | J8: =IFERROR(AVERAGEIFS(7F_1_TSMOM_BR!$J$6:$J$351,7F_1_TSMOM_BR!$J$6:$J$351,"<0",7F_1_TSMOM_BR!$C$6:$C$351,"<>"),0) -> -1.9171807 | K8: =_xlfn.MAXIFS(7F_1_TSMOM_BR!$J$6:$J$351,7F_1_TSMOM_BR!$C$6:$C$351,"<>") -> 47.59889 | L8: =_xlfn.MINIFS(7F_1_TSMOM_BR!$J$6:$J$351,7F_1_TSMOM_BR!$C$6:$C$351,"<>") -> -12.5317 | M8: =MAX(7F_1_TSMOM_BR!$L$6:$L$351) -> 13 | N8: =SUMIFS(7F_1_TSMOM_BR!$N$6:$N$351,7F_1_TSMOM_BR!$B$6:$B$351,"IS") -> 1313343.6 | O8: =SUMIFS(7F_1_TSMOM_BR!$N$6:$N$351,7F_1_TSMOM_BR!$B$6:$B$351,"OOS") -> 171453.46 | P8: =SUM(7F_1_TSMOM_BR!$N$6:$N$351) -> 1484797.1
A9: 7F_1_TSMOM_NG | B9: 1 Time-Series Momentum | C9: NG | D9: lookback=90 | E9: =COUNTIFS(7F_1_TSMOM_NG!$C$6:$C$124,"<>") -> 117 | F9: =COUNTIFS(7F_1_TSMOM_NG!$J$6:$J$124,">0",7F_1_TSMOM_NG!$C$6:$C$124,"<>") -> 56 | G9: =COUNTIFS(7F_1_TSMOM_NG!$J$6:$J$124,"<0",7F_1_TSMOM_NG!$C$6:$C$124,"<>") -> 61 | H9: =IF(E9>0,F9/E9,0) -> 0.47863248 | I9: =IFERROR(AVERAGEIFS(7F_1_TSMOM_NG!$J$6:$J$124,7F_1_TSMOM_NG!$J$6:$J$124,">0",7F_1_TSMOM_NG!$C$6:$C$124,"<>"),0) -> 0.76030964 | J9: =IFERROR(AVERAGEIFS(7F_1_TSMOM_NG!$J$6:$J$124,7F_1_TSMOM_NG!$J$6:$J$124,"<0",7F_1_TSMOM_NG!$C$6:$C$124,"<>"),0) -> -0.2203018 | K9: =_xlfn.MAXIFS(7F_1_TSMOM_NG!$J$6:$J$124,7F_1_TSMOM_NG!$C$6:$C$124,"<>") -> 2.8299 | L9: =_xlfn.MINIFS(7F_1_TSMOM_NG!$J$6:$J$124,7F_1_TSMOM_NG!$C$6:$C$124,"<>") -> -1.20222 | M9: =MAX(7F_1_TSMOM_NG!$L$6:$L$124) -> 7 | N9: =SUMIFS(7F_1_TSMOM_NG!$N$6:$N$124,7F_1_TSMOM_NG!$B$6:$B$124,"IS") -> 444988.74 | O9: =SUMIFS(7F_1_TSMOM_NG!$N$6:$N$124,7F_1_TSMOM_NG!$B$6:$B$124,"OOS") -> -181099.69 | P9: =SUM(7F_1_TSMOM_NG!$N$6:$N$124) -> 263889.05
A10: 7F_2_DualMA_BR | B10: 2 Dual Moving Average | C10: BR | D10: fast=20,slow=60 | E10: =COUNTIFS(7F_2_DualMA_BR!$C$6:$C$179,"<>") -> 172 | F10: =COUNTIFS(7F_2_DualMA_BR!$J$6:$J$179,">0",7F_2_DualMA_BR!$C$6:$C$179,"<>") -> 107 | G10: =COUNTIFS(7F_2_DualMA_BR!$J$6:$J$179,"<0",7F_2_DualMA_BR!$C$6:$C$179,"<>") -> 65 | H10: =IF(E10>0,F10/E10,0) -> 0.62209302 | I10: =IFERROR(AVERAGEIFS(7F_2_DualMA_BR!$J$6:$J$179,7F_2_DualMA_BR!$J$6:$J$179,">0",7F_2_DualMA_BR!$C$6:$C$179,"<>"),0) -> 10.943166 | J10: =IFERROR(AVERAGEIFS(7F_2_DualMA_BR!$J$6:$J$179,7F_2_DualMA_BR!$J$6:$J$179,"<0",7F_2_DualMA_BR!$C$6:$C$179,"<>"),0) -> -3.3440445 | K10: =_xlfn.MAXIFS(7F_2_DualMA_BR!$J$6:$J$179,7F_2_DualMA_BR!$C$6:$C$179,"<>") -> 45.61922 | L10: =_xlfn.MINIFS(7F_2_DualMA_BR!$J$6:$J$179,7F_2_DualMA_BR!$C$6:$C$179,"<>") -> -12.06012 | M10: =MAX(7F_2_DualMA_BR!$L$6:$L$179) -> 8 | N10: =SUMIFS(7F_2_DualMA_BR!$N$6:$N$179,7F_2_DualMA_BR!$B$6:$B$179,"IS") -> 1412319.4 | O10: =SUMIFS(7F_2_DualMA_BR!$N$6:$N$179,7F_2_DualMA_BR!$B$6:$B$179,"OOS") -> 565401.18 | P10: =SUM(7F_2_DualMA_BR!$N$6:$N$179) -> 1977720.6
A11: 7F_2_DualMA_NG | B11: 2 Dual Moving Average | C11: NG | D11: fast=20,slow=150 | E11: =COUNTIFS(7F_2_DualMA_NG!$C$6:$C$67,"<>") -> 60 | F11: =COUNTIFS(7F_2_DualMA_NG!$J$6:$J$67,">0",7F_2_DualMA_NG!$C$6:$C$67,"<>") -> 37 | G11: =COUNTIFS(7F_2_DualMA_NG!$J$6:$J$67,"<0",7F_2_DualMA_NG!$C$6:$C$67,"<>") -> 23 | H11: =IF(E11>0,F11/E11,0) -> 0.61666667 | I11: =IFERROR(AVERAGEIFS(7F_2_DualMA_NG!$J$6:$J$67,7F_2_DualMA_NG!$J$6:$J$67,">0",7F_2_DualMA_NG!$C$6:$C$67,"<>"),0) -> 0.85782351 | J11: =IFERROR(AVERAGEIFS(7F_2_DualMA_NG!$J$6:$J$67,7F_2_DualMA_NG!$J$6:$J$67,"<0",7F_2_DualMA_NG!$C$6:$C$67,"<>"),0) -> -0.63211304 | K11: =_xlfn.MAXIFS(7F_2_DualMA_NG!$J$6:$J$67,7F_2_DualMA_NG!$C$6:$C$67,"<>") -> 2.61319 | L11: =_xlfn.MINIFS(7F_2_DualMA_NG!$J$6:$J$67,7F_2_DualMA_NG!$C$6:$C$67,"<>") -> -2.24522 | M11: =MAX(7F_2_DualMA_NG!$L$6:$L$67) -> 6 | N11: =SUMIFS(7F_2_DualMA_NG!$N$6:$N$67,7F_2_DualMA_NG!$B$6:$B$67,"IS") -> 376022.5 | O11: =SUMIFS(7F_2_DualMA_NG!$N$6:$N$67,7F_2_DualMA_NG!$B$6:$B$67,"OOS") -> -162323.53 | P11: =SUM(7F_2_DualMA_NG!$N$6:$N$67) -> 213698.97
A12: 7F_3_Breakout_BR | B12: 3 Channel Breakout | C12: BR | D12: entry=40,exit_=20 | E12: =COUNTIFS(7F_3_Breakout_BR!$C$6:$C$133,"<>") -> 126 | F12: =COUNTIFS(7F_3_Breakout_BR!$J$6:$J$133,">0",7F_3_Breakout_BR!$C$6:$C$133,"<>") -> 87 | G12: =COUNTIFS(7F_3_Breakout_BR!$J$6:$J$133,"<0",7F_3_Breakout_BR!$C$6:$C$133,"<>") -> 39 | H12: =IF(E12>0,F12/E12,0) -> 0.69047619 | I12: =IFERROR(AVERAGEIFS(7F_3_Breakout_BR!$J$6:$J$133,7F_3_Breakout_BR!$J$6:$J$133,">0",7F_3_Breakout_BR!$C$6:$C$133,"<>"),0) -> 11.046735 | J12: =IFERROR(AVERAGEIFS(7F_3_Breakout_BR!$J$6:$J$133,7F_3_Breakout_BR!$J$6:$J$133,"<0",7F_3_Breakout_BR!$C$6:$C$133,"<>"),0) -> -3.1924421 | K12: =_xlfn.MAXIFS(7F_3_Breakout_BR!$J$6:$J$133,7F_3_Breakout_BR!$C$6:$C$133,"<>") -> 45.53858 | L12: =_xlfn.MINIFS(7F_3_Breakout_BR!$J$6:$J$133,7F_3_Breakout_BR!$C$6:$C$133,"<>") -> -7.74989 | M12: =MAX(7F_3_Breakout_BR!$L$6:$L$133) -> 7 | N12: =SUMIFS(7F_3_Breakout_BR!$N$6:$N$133,7F_3_Breakout_BR!$B$6:$B$133,"IS") -> 1593924 | O12: =SUMIFS(7F_3_Breakout_BR!$N$6:$N$133,7F_3_Breakout_BR!$B$6:$B$133,"OOS") -> 494872.3 | P12: =SUM(7F_3_Breakout_BR!$N$6:$N$133) -> 2088796.3
A13: 7F_3_Breakout_NG | B13: 3 Channel Breakout | C13: NG | D13: entry=20,exit_=10 | E13: =COUNTIFS(7F_3_Breakout_NG!$C$6:$C$82,"<>") -> 75 | F13: =COUNTIFS(7F_3_Breakout_NG!$J$6:$J$82,">0",7F_3_Breakout_NG!$C$6:$C$82,"<>") -> 46 | G13: =COUNTIFS(7F_3_Breakout_NG!$J$6:$J$82,"<0",7F_3_Breakout_NG!$C$6:$C$82,"<>") -> 29 | H13: =IF(E13>0,F13/E13,0) -> 0.61333333 | I13: =IFERROR(AVERAGEIFS(7F_3_Breakout_NG!$J$6:$J$82,7F_3_Breakout_NG!$J$6:$J$82,">0",7F_3_Breakout_NG!$C$6:$C$82,"<>"),0) -> 0.59741065 | J13: =IFERROR(AVERAGEIFS(7F_3_Breakout_NG!$J$6:$J$82,7F_3_Breakout_NG!$J$6:$J$82,"<0",7F_3_Breakout_NG!$C$6:$C$82,"<>"),0) -> -0.38291172 | K13: =_xlfn.MAXIFS(7F_3_Breakout_NG!$J$6:$J$82,7F_3_Breakout_NG!$C$6:$C$82,"<>") -> 2.26116 | L13: =_xlfn.MINIFS(7F_3_Breakout_NG!$J$6:$J$82,7F_3_Breakout_NG!$C$6:$C$82,"<>") -> -1.56395 | M13: =MAX(7F_3_Breakout_NG!$L$6:$L$82) -> 6 | N13: =SUMIFS(7F_3_Breakout_NG!$N$6:$N$82,7F_3_Breakout_NG!$B$6:$B$82,"IS") -> 374185.26 | O13: =SUMIFS(7F_3_Breakout_NG!$N$6:$N$82,7F_3_Breakout_NG!$B$6:$B$82,"OOS") -> -54643.81 | P13: =SUM(7F_3_Breakout_NG!$N$6:$N$82) -> 319541.45
A14: 7F_4_CrossSect_NGBR_NG | B14: 4 Cross-sectional momentum | C14: NG | D14: lookback=120 | E14: =COUNTIFS(7F_4_CrossSect_NGBR_NG!$C$6:$C$127,"<>") -> 120 | F14: =COUNTIFS(7F_4_CrossSect_NGBR_NG!$J$6:$J$127,">0",7F_4_CrossSect_NGBR_NG!$C$6:$C$127,"<>") -> 62 | G14: =COUNTIFS(7F_4_CrossSect_NGBR_NG!$J$6:$J$127,"<0",7F_4_CrossSect_NGBR_NG!$C$6:$C$127,"<>") -> 58 | H14: =IF(E14>0,F14/E14,0) -> 0.51666667 | I14: =IFERROR(AVERAGEIFS(7F_4_CrossSect_NGBR_NG!$J$6:$J$127,7F_4_CrossSect_NGBR_NG!$J$6:$J$127,">0",7F_4_CrossSect_NGBR_NG!$C$6:$C$127,"<>"),0) -> 0.46579097 | J14: =IFERROR(AVERAGEIFS(7F_4_CrossSect_NGBR_NG!$J$6:$J$127,7F_4_CrossSect_NGBR_NG!$J$6:$J$127,"<0",7F_4_CrossSect_NGBR_NG!$C$6:$C$127,"<>"),0) -> -0.52460983 | K14: =_xlfn.MAXIFS(7F_4_CrossSect_NGBR_NG!$J$6:$J$127,7F_4_CrossSect_NGBR_NG!$C$6:$C$127,"<>") -> 2.8299 | L14: =_xlfn.MINIFS(7F_4_CrossSect_NGBR_NG!$J$6:$J$127,7F_4_CrossSect_NGBR_NG!$C$6:$C$127,"<>") -> -3.31334 | M14: =MAX(7F_4_CrossSect_NGBR_NG!$L$6:$L$127) -> 11 | N14: =SUMIFS(7F_4_CrossSect_NGBR_NG!$N$6:$N$127,7F_4_CrossSect_NGBR_NG!$B$6:$B$127,"IS") -> -69045.62 | O14: =SUMIFS(7F_4_CrossSect_NGBR_NG!$N$6:$N$127,7F_4_CrossSect_NGBR_NG!$B$6:$B$127,"OOS") -> -33836.19 | P14: =SUM(7F_4_CrossSect_NGBR_NG!$N$6:$N$127) -> -102881.81
A15: 7F_4_CrossSect_NGBR_BR | B15: 4 Cross-sectional momentum | C15: BR | D15: lookback=120 | E15: =COUNTIFS(7F_4_CrossSect_NGBR_BR!$C$6:$C$115,"<>") -> 108 | F15: =COUNTIFS(7F_4_CrossSect_NGBR_BR!$J$6:$J$115,">0",7F_4_CrossSect_NGBR_BR!$C$6:$C$115,"<>") -> 41 | G15: =COUNTIFS(7F_4_CrossSect_NGBR_BR!$J$6:$J$115,"<0",7F_4_CrossSect_NGBR_BR!$C$6:$C$115,"<>") -> 67 | H15: =IF(E15>0,F15/E15,0) -> 0.37962963 | I15: =IFERROR(AVERAGEIFS(7F_4_CrossSect_NGBR_BR!$J$6:$J$115,7F_4_CrossSect_NGBR_BR!$J$6:$J$115,">0",7F_4_CrossSect_NGBR_BR!$C$6:$C$115,"<>"),0) -> 8.7519302 | J15: =IFERROR(AVERAGEIFS(7F_4_CrossSect_NGBR_BR!$J$6:$J$115,7F_4_CrossSect_NGBR_BR!$J$6:$J$115,"<0",7F_4_CrossSect_NGBR_BR!$C$6:$C$115,"<>"),0) -> -5.2077742 | K15: =_xlfn.MAXIFS(7F_4_CrossSect_NGBR_BR!$J$6:$J$115,7F_4_CrossSect_NGBR_BR!$C$6:$C$115,"<>") -> 48.61281 | L15: =_xlfn.MINIFS(7F_4_CrossSect_NGBR_BR!$J$6:$J$115,7F_4_CrossSect_NGBR_BR!$C$6:$C$115,"<>") -> -39.47487 | M15: =MAX(7F_4_CrossSect_NGBR_BR!$L$6:$L$115) -> 8 | N15: =SUMIFS(7F_4_CrossSect_NGBR_BR!$N$6:$N$115,7F_4_CrossSect_NGBR_BR!$B$6:$B$115,"IS") -> 256611.36 | O15: =SUMIFS(7F_4_CrossSect_NGBR_BR!$N$6:$N$115,7F_4_CrossSect_NGBR_BR!$B$6:$B$115,"OOS") -> -274886.67 | P15: =SUM(7F_4_CrossSect_NGBR_BR!$N$6:$N$115) -> -18275.31
A16: 7F_5_Carry_BR | B16: 5 Carry / term structure | C16: BR | D16: smooth=1,threshold=0.15 | E16: =COUNTIFS(7F_5_Carry_BR!$C$6:$C$135,"<>") -> 130 | F16: =COUNTIFS(7F_5_Carry_BR!$J$6:$J$135,">0",7F_5_Carry_BR!$C$6:$C$135,"<>") -> 73 | G16: =COUNTIFS(7F_5_Carry_BR!$J$6:$J$135,"<0",7F_5_Carry_BR!$C$6:$C$135,"<>") -> 57 | H16: =IF(E16>0,F16/E16,0) -> 0.56153846 | I16: =IFERROR(AVERAGEIFS(7F_5_Carry_BR!$J$6:$J$135,7F_5_Carry_BR!$J$6:$J$135,">0",7F_5_Carry_BR!$C$6:$C$135,"<>"),0) -> 9.46589 | J16: =IFERROR(AVERAGEIFS(7F_5_Carry_BR!$J$6:$J$135,7F_5_Carry_BR!$J$6:$J$135,"<0",7F_5_Carry_BR!$C$6:$C$135,"<>"),0) -> -5.7827382 | K16: =_xlfn.MAXIFS(7F_5_Carry_BR!$J$6:$J$135,7F_5_Carry_BR!$C$6:$C$135,"<>") -> 39.76593 | L16: =_xlfn.MINIFS(7F_5_Carry_BR!$J$6:$J$135,7F_5_Carry_BR!$C$6:$C$135,"<>") -> -33.12239 | M16: =MAX(7F_5_Carry_BR!$L$6:$L$135) -> 7 | N16: =SUMIFS(7F_5_Carry_BR!$N$6:$N$135,7F_5_Carry_BR!$B$6:$B$135,"IS") -> 1158861.3 | O16: =SUMIFS(7F_5_Carry_BR!$N$6:$N$135,7F_5_Carry_BR!$B$6:$B$135,"OOS") -> 366498.23 | P16: =SUM(7F_5_Carry_BR!$N$6:$N$135) -> 1525359.5
A17: 7F_5_Carry_NG | B17: 5 Carry / term structure | C17: NG | D17: smooth=1,threshold=0.15 | E17: =COUNTIFS(7F_5_Carry_NG!$C$6:$C$84,"<>") -> 77 | F17: =COUNTIFS(7F_5_Carry_NG!$J$6:$J$84,">0",7F_5_Carry_NG!$C$6:$C$84,"<>") -> 43 | G17: =COUNTIFS(7F_5_Carry_NG!$J$6:$J$84,"<0",7F_5_Carry_NG!$C$6:$C$84,"<>") -> 34 | H17: =IF(E17>0,F17/E17,0) -> 0.55844156 | I17: =IFERROR(AVERAGEIFS(7F_5_Carry_NG!$J$6:$J$84,7F_5_Carry_NG!$J$6:$J$84,">0",7F_5_Carry_NG!$C$6:$C$84,"<>"),0) -> 0.6180014 | J17: =IFERROR(AVERAGEIFS(7F_5_Carry_NG!$J$6:$J$84,7F_5_Carry_NG!$J$6:$J$84,"<0",7F_5_Carry_NG!$C$6:$C$84,"<>"),0) -> -0.68661059 | K17: =_xlfn.MAXIFS(7F_5_Carry_NG!$J$6:$J$84,7F_5_Carry_NG!$C$6:$C$84,"<>") -> 2.87612 | L17: =_xlfn.MINIFS(7F_5_Carry_NG!$J$6:$J$84,7F_5_Carry_NG!$C$6:$C$84,"<>") -> -2.13428 | M17: =MAX(7F_5_Carry_NG!$L$6:$L$84) -> 8 | N17: =SUMIFS(7F_5_Carry_NG!$N$6:$N$84,7F_5_Carry_NG!$B$6:$B$84,"IS") -> -146662.01 | O17: =SUMIFS(7F_5_Carry_NG!$N$6:$N$84,7F_5_Carry_NG!$B$6:$B$84,"OOS") -> 247828.52 | P17: =SUM(7F_5_Carry_NG!$N$6:$N$84) -> 101166.51
A18: 7F_6_PortfolioMA_NGBR_NG | B18: 6 MA + portfolio | C18: NG | D18: fast=20,slow=100 | E18: =COUNTIFS(7F_6_PortfolioMA_NGBR_NG!$C$6:$C$73,"<>") -> 66 | F18: =COUNTIFS(7F_6_PortfolioMA_NGBR_NG!$J$6:$J$73,">0",7F_6_PortfolioMA_NGBR_NG!$C$6:$C$73,"<>") -> 38 | G18: =COUNTIFS(7F_6_PortfolioMA_NGBR_NG!$J$6:$J$73,"<0",7F_6_PortfolioMA_NGBR_NG!$C$6:$C$73,"<>") -> 28 | H18: =IF(E18>0,F18/E18,0) -> 0.57575758 | I18: =IFERROR(AVERAGEIFS(7F_6_PortfolioMA_NGBR_NG!$J$6:$J$73,7F_6_PortfolioMA_NGBR_NG!$J$6:$J$73,">0",7F_6_PortfolioMA_NGBR_NG!$C$6:$C$73,"<>"),0) -> 0.89213474 | J18: =IFERROR(AVERAGEIFS(7F_6_PortfolioMA_NGBR_NG!$J$6:$J$73,7F_6_PortfolioMA_NGBR_NG!$J$6:$J$73,"<0",7F_6_PortfolioMA_NGBR_NG!$C$6:$C$73,"<>"),0) -> -0.66233 | K18: =_xlfn.MAXIFS(7F_6_PortfolioMA_NGBR_NG!$J$6:$J$73,7F_6_PortfolioMA_NGBR_NG!$C$6:$C$73,"<>") -> 2.68859 | L18: =_xlfn.MINIFS(7F_6_PortfolioMA_NGBR_NG!$J$6:$J$73,7F_6_PortfolioMA_NGBR_NG!$C$6:$C$73,"<>") -> -2.38076 | M18: =MAX(7F_6_PortfolioMA_NGBR_NG!$L$6:$L$73) -> 6 | N18: =SUMIFS(7F_6_PortfolioMA_NGBR_NG!$N$6:$N$73,7F_6_PortfolioMA_NGBR_NG!$B$6:$B$73,"IS") -> 170539.33 | O18: =SUMIFS(7F_6_PortfolioMA_NGBR_NG!$N$6:$N$73,7F_6_PortfolioMA_NGBR_NG!$B$6:$B$73,"OOS") -> -85478.09 | P18: =SUM(7F_6_PortfolioMA_NGBR_NG!$N$6:$N$73) -> 85061.24
A19: 7F_6_PortfolioMA_NGBR_BR | B19: 6 MA + portfolio | C19: BR | D19: fast=20,slow=100 | E19: =COUNTIFS(7F_6_PortfolioMA_NGBR_BR!$C$6:$C$70,"<>") -> 63 | F19: =COUNTIFS(7F_6_PortfolioMA_NGBR_BR!$J$6:$J$70,">0",7F_6_PortfolioMA_NGBR_BR!$C$6:$C$70,"<>") -> 43 | G19: =COUNTIFS(7F_6_PortfolioMA_NGBR_BR!$J$6:$J$70,"<0",7F_6_PortfolioMA_NGBR_BR!$C$6:$C$70,"<>") -> 20 | H19: =IF(E19>0,F19/E19,0) -> 0.68253968 | I19: =IFERROR(AVERAGEIFS(7F_6_PortfolioMA_NGBR_BR!$J$6:$J$70,7F_6_PortfolioMA_NGBR_BR!$J$6:$J$70,">0",7F_6_PortfolioMA_NGBR_BR!$C$6:$C$70,"<>"),0) -> 12.803369 | J19: =IFERROR(AVERAGEIFS(7F_6_PortfolioMA_NGBR_BR!$J$6:$J$70,7F_6_PortfolioMA_NGBR_BR!$J$6:$J$70,"<0",7F_6_PortfolioMA_NGBR_BR!$C$6:$C$70,"<>"),0) -> -4.742797 | K19: =_xlfn.MAXIFS(7F_6_PortfolioMA_NGBR_BR!$J$6:$J$70,7F_6_PortfolioMA_NGBR_BR!$C$6:$C$70,"<>") -> 44.83664 | L19: =_xlfn.MINIFS(7F_6_PortfolioMA_NGBR_BR!$J$6:$J$70,7F_6_PortfolioMA_NGBR_BR!$C$6:$C$70,"<>") -> -10.30961 | M19: =MAX(7F_6_PortfolioMA_NGBR_BR!$L$6:$L$70) -> 6 | N19: =SUMIFS(7F_6_PortfolioMA_NGBR_BR!$N$6:$N$70,7F_6_PortfolioMA_NGBR_BR!$B$6:$B$70,"IS") -> 384249.4 | O19: =SUMIFS(7F_6_PortfolioMA_NGBR_BR!$N$6:$N$70,7F_6_PortfolioMA_NGBR_BR!$B$6:$B$70,"OOS") -> -33561.8 | P19: =SUM(7F_6_PortfolioMA_NGBR_BR!$N$6:$N$70) -> 350687.6
A20: 7F_7_MomRev_BR | B20: 7 Momentum + reversal | C20: BR | D20: momentum=60,reversal=750 | E20: =COUNTIFS(7F_7_MomRev_BR!$C$6:$C$194,"<>") -> 188 | F20: =COUNTIFS(7F_7_MomRev_BR!$J$6:$J$194,">0",7F_7_MomRev_BR!$C$6:$C$194,"<>") -> 95 | G20: =COUNTIFS(7F_7_MomRev_BR!$J$6:$J$194,"<0",7F_7_MomRev_BR!$C$6:$C$194,"<>") -> 93 | H20: =IF(E20>0,F20/E20,0) -> 0.50531915 | I20: =IFERROR(AVERAGEIFS(7F_7_MomRev_BR!$J$6:$J$194,7F_7_MomRev_BR!$J$6:$J$194,">0",7F_7_MomRev_BR!$C$6:$C$194,"<>"),0) -> 6.7994085 | J20: =IFERROR(AVERAGEIFS(7F_7_MomRev_BR!$J$6:$J$194,7F_7_MomRev_BR!$J$6:$J$194,"<0",7F_7_MomRev_BR!$C$6:$C$194,"<>"),0) -> -1.9160204 | K20: =_xlfn.MAXIFS(7F_7_MomRev_BR!$J$6:$J$194,7F_7_MomRev_BR!$C$6:$C$194,"<>") -> 42.19073 | L20: =_xlfn.MINIFS(7F_7_MomRev_BR!$J$6:$J$194,7F_7_MomRev_BR!$C$6:$C$194,"<>") -> -8.68317 | M20: =MAX(7F_7_MomRev_BR!$L$6:$L$194) -> 9 | N20: =SUMIFS(7F_7_MomRev_BR!$N$6:$N$194,7F_7_MomRev_BR!$B$6:$B$194,"IS") -> 540268.73 | O20: =SUMIFS(7F_7_MomRev_BR!$N$6:$N$194,7F_7_MomRev_BR!$B$6:$B$194,"OOS") -> 19125.88 | P20: =SUM(7F_7_MomRev_BR!$N$6:$N$194) -> 559394.61
A21: 7F_7_MomRev_NG | B21: 7 Momentum + reversal | C21: NG | D21: momentum=60,reversal=500 | E21: =COUNTIFS(7F_7_MomRev_NG!$C$6:$C$126,"<>") -> 120 | F21: =COUNTIFS(7F_7_MomRev_NG!$J$6:$J$126,">0",7F_7_MomRev_NG!$C$6:$C$126,"<>") -> 57 | G21: =COUNTIFS(7F_7_MomRev_NG!$J$6:$J$126,"<0",7F_7_MomRev_NG!$C$6:$C$126,"<>") -> 63 | H21: =IF(E21>0,F21/E21,0) -> 0.475 | I21: =IFERROR(AVERAGEIFS(7F_7_MomRev_NG!$J$6:$J$126,7F_7_MomRev_NG!$J$6:$J$126,">0",7F_7_MomRev_NG!$C$6:$C$126,"<>"),0) -> 0.43404895 | J21: =IFERROR(AVERAGEIFS(7F_7_MomRev_NG!$J$6:$J$126,7F_7_MomRev_NG!$J$6:$J$126,"<0",7F_7_MomRev_NG!$C$6:$C$126,"<>"),0) -> -0.21724635 | K21: =_xlfn.MAXIFS(7F_7_MomRev_NG!$J$6:$J$126,7F_7_MomRev_NG!$C$6:$C$126,"<>") -> 2.64912 | L21: =_xlfn.MINIFS(7F_7_MomRev_NG!$J$6:$J$126,7F_7_MomRev_NG!$C$6:$C$126,"<>") -> -1.96503 | M21: =MAX(7F_7_MomRev_NG!$L$6:$L$126) -> 8 | N21: =SUMIFS(7F_7_MomRev_NG!$N$6:$N$126,7F_7_MomRev_NG!$B$6:$B$126,"IS") -> 7851.05 | O21: =SUMIFS(7F_7_MomRev_NG!$N$6:$N$126,7F_7_MomRev_NG!$B$6:$B$126,"OOS") -> -35111.99 | P21: =SUM(7F_7_MomRev_NG!$N$6:$N$126) -> -27260.94
A22: MA_3_NG_R1 | B22: Пересечение скользящих средних, 5 мин | C22: NG | D22: EMA12 × WMA131, наклон A_pct, выход B_slow_flip | E22: =COUNTIFS(MA_3_NG_R1!$C$6:$C$1072,"<>") -> 1067 | F22: =COUNTIFS(MA_3_NG_R1!$J$6:$J$1072,">0",MA_3_NG_R1!$C$6:$C$1072,"<>") -> 405 | G22: =COUNTIFS(MA_3_NG_R1!$J$6:$J$1072,"<0",MA_3_NG_R1!$C$6:$C$1072,"<>") -> 657 | H22: =IF(E22>0,F22/E22,0) -> 0.37956888 | I22: =IFERROR(AVERAGEIFS(MA_3_NG_R1!$J$6:$J$1072,MA_3_NG_R1!$J$6:$J$1072,">0",MA_3_NG_R1!$C$6:$C$1072,"<>"),0) -> 0.18533333 | J22: =IFERROR(AVERAGEIFS(MA_3_NG_R1!$J$6:$J$1072,MA_3_NG_R1!$J$6:$J$1072,"<0",MA_3_NG_R1!$C$6:$C$1072,"<>"),0) -> -0.078692542 | K22: =_xlfn.MAXIFS(MA_3_NG_R1!$J$6:$J$1072,MA_3_NG_R1!$C$6:$C$1072,"<>") -> 2.473 | L22: =_xlfn.MINIFS(MA_3_NG_R1!$J$6:$J$1072,MA_3_NG_R1!$C$6:$C$1072,"<>") -> -0.721 | M22: =MAX(MA_3_NG_R1!$L$6:$L$1072) -> 9 | N22: =SUMIFS(MA_3_NG_R1!$N$6:$N$1072,MA_3_NG_R1!$B$6:$B$1072,"IS") -> 1818.4 | O22: =SUMIFS(MA_3_NG_R1!$N$6:$N$1072,MA_3_NG_R1!$B$6:$B$1072,"OOS") -> 517.5 | P22: =SUM(MA_3_NG_R1!$N$6:$N$1072) -> 2335.9
A23: MA_3_BR_R1 | B23: Пересечение скользящих средних, 5 мин | C23: BR | D23: TMA10 × SMA23, наклон B_atr, выход B_slow_flip | E23: =COUNTIFS(MA_3_BR_R1!$C$6:$C$6358,"<>") -> 6353 | F23: =COUNTIFS(MA_3_BR_R1!$J$6:$J$6358,">0",MA_3_BR_R1!$C$6:$C$6358,"<>") -> 2316 | G23: =COUNTIFS(MA_3_BR_R1!$J$6:$J$6358,"<0",MA_3_BR_R1!$C$6:$C$6358,"<>") -> 3990 | H23: =IF(E23>0,F23/E23,0) -> 0.36455218 | I23: =IFERROR(AVERAGEIFS(MA_3_BR_R1!$J$6:$J$6358,MA_3_BR_R1!$J$6:$J$6358,">0",MA_3_BR_R1!$C$6:$C$6358,"<>"),0) -> 0.96386442 | J23: =IFERROR(AVERAGEIFS(MA_3_BR_R1!$J$6:$J$6358,MA_3_BR_R1!$J$6:$J$6358,"<0",MA_3_BR_R1!$C$6:$C$6358,"<>"),0) -> -0.46907268 | K23: =_xlfn.MAXIFS(MA_3_BR_R1!$J$6:$J$6358,MA_3_BR_R1!$C$6:$C$6358,"<>") -> 23.34 | L23: =_xlfn.MINIFS(MA_3_BR_R1!$J$6:$J$6358,MA_3_BR_R1!$C$6:$C$6358,"<>") -> -8.06 | M23: =MAX(MA_3_BR_R1!$L$6:$L$6358) -> 17 | N23: =SUMIFS(MA_3_BR_R1!$N$6:$N$6358,MA_3_BR_R1!$B$6:$B$6358,"IS") -> 3357 | O23: =SUMIFS(MA_3_BR_R1!$N$6:$N$6358,MA_3_BR_R1!$B$6:$B$6358,"OOS") -> 250.1 | P23: =SUM(MA_3_BR_R1!$N$6:$N$6358) -> 3607.1

Sheet 7F_1_TSMOM_BR
A1: 1 Time-Series Momentum · BR · lookback=40
A2: Параметры: лучший Шарп в выборке. Издержки ~7 б.п. за оборот вычтены.
A3: Каждая строка — исход по порядку закрытия. Пункт — единица котировки (BR: 1 USD за баррель, NG: 1 USD за MMBtu); плюс — прибыль, минус — убыток.
A5: № | B5: период | C5: вход | D5: выход | E5: направление | F5: объём, ед. актива | G5: цена входа | H5: цена выхода | I5: через ролл | J5: результат, пунктов | K5: исход | L5: серия убыточных подряд | M5: результат, шагов цены | N5: результат, USD | O5: итог, USD | P5: примечание
A6: 1 | B6: IS | C6: 2012-02-15 | D6: 2012-03-02 | E6: long | F6: 2915.5 | G6: 118.0831 | H6: 125.9037 | I6: да | J6: 6.97414 | K6: =IF(J6>0,"прибыль",IF(J6<0,"убыток","ноль")) -> прибыль | L6: =IF(AND(C6<>"",J6<0),1,0) -> 0 | M6: 697.41 | N6: 20333.08 | O6: 20333.08
A7: 2 | B7: IS | C7: 2012-03-02 | D7: 2012-04-11 | E7: long | F7: 6671.22 | G7: 118.9034 | H7: 119.9206 | I7: да | J7: -1.21783 | K7: =IF(J7>0,"прибыль",IF(J7<0,"убыток","ноль")) -> убыток | L7: =IF(C7="",L6,IF(J7<0,L6+1,0)) -> 1 | M7: -121.78 | N7: -8124.4 | O7: 12208.68
A8: 3 | B8: IS | C8: 2012-04-11 | D8: 2012-04-13 | E8: short | F8: 7371.73 | G8: 119.9206 | H8: 121.603 | J8: -1.69423 | K8: =IF(J8>0,"прибыль",IF(J8<0,"убыток","ноль")) -> убыток | L8: =IF(C8="",L7,IF(J8<0,L7+1,0)) -> 2 | M8: -169.42 | N8: -12489.4 | O8: -280.72
A9: 4 | B9: IS | C9: 2012-04-13 | D9: 2012-04-17 | E9: long | F9: 7198.1 | G9: 121.603 | H9: 118.2295 | I9: да | J9: 0.05967 | K9: =IF(J9>0,"прибыль",IF(J9<0,"убыток","ноль")) -> прибыль | L9: =IF(C9="",L8,IF(J9<0,L8+1,0)) -> 0 | M9: 5.97 | N9: 429.53 | O9: 148.82
A10: 5 | B10: IS | C10: 2012-04-17 | D10: 2012-04-18 | E10: short | F10: 7174.68 | G10: 118.2295 | H10: 118.8499 | J10: -0.6323 | K10: =IF(J10>0,"прибыль",IF(J10<0,"убыток","ноль")) -> убыток | L10: =IF(C10="",L9,IF(J10<0,L9+1,0)) -> 1 | M10: -63.23 | N10: -4536.55 | O10: -4387.74
A11: 6 | B11: IS | C11: 2012-04-18 | D11: 2012-04-19 | E11: long | F11: 7261.7 | G11: 118.8499 | H11: 118.0004 | J11: -0.86122 | K11: =IF(J11>0,"прибыль",IF(J11<0,"убыток","ноль")) -> убыток | L11: =IF(C11="",L10,IF(J11<0,L10+1,0)) -> 2 | M11: -86.12 | N11: -6253.92 | O11: -10641.66
A12: 7 | B12: IS | C12: 2012-04-19 | D12: 2012-06-05 | E12: short | F12: 1948.43 | G12: 118.2252 | H12: 99.2944 | I12: да | J12: 13.79115 | K12: =IF(J12>0,"прибыль",IF(J12<0,"убыток","ноль")) -> прибыль | L12: =IF(C12="",L11,IF(J12<0,L11+1,0)) -> 0 | M12: 1379.12 | N12: 26871.16 | O12: 16229.5
A13: 8 | B13: IS | C13: 2012-06-05 | D13: 2012-06-25 | E13: short | F13: 1554.51 | G13: 113.0951 | H13: 90.9197 | I13: да | J13: 23.12782 | K13: =IF(J13>0,"прибыль",IF(J13<0,"убыток","ноль")) -> прибыль | L13: =IF(C13="",L12,IF(J13<0,L12+1,0)) -> 0 | M13: 2312.78 | N13: 35952.48 | O13: 52181.98
A14: 9 | B14: IS | C14: 2012-06-25 | D14: 2012-07-02 | E14: short | F14: 1465.1 | G14: 114.0521 | H14: 97.171 | J14: 16.87617 | K14: =IF(J14>0,"прибыль",IF(J14<0,"убыток","ноль")) -> прибыль | L14: =IF(C14="",L13,IF(J14<0,L13+1,0)) -> 0 | M14: 1687.62 | N14: 24725.19 | O14: 76907.17
A15: 10 | B15: IS | C15: 2012-07-02 | D15: 2012-07-20 | E15: short | F15: 4144.45 | G15: 114.0521 | H15: 107.6325 | I15: да | J15: 6.43066 | K15: =IF(J15>0,"прибыль",IF(J15<0,"убыток","ноль")) -> прибыль | L15: =IF(C15="",L14,IF(J15<0,L14+1,0)) -> 0 | M15: 643.07 | N15: 26651.54 | O15: 103558.71
A16: 11 | B16: IS | C16: 2012-07-20 | D16: 2012-07-23 | E16: long | F16: 4226.27 | G16: 107.6325 | H16: 106.2087 | J16: -1.43448 | K16: =IF(J16>0,"прибыль",IF(J16<0,"убыток","ноль")) -> убыток | L16: =IF(C16="",L15,IF(J16<0,L15+1,0)) -> 1 | M16: -143.45 | N16: -6062.49 | O16: 97496.22
A17: 12 | B17: IS | C17: 2012-07-23 | D17: 2012-07-27 | E17: short | F17: 4253.01 | G17: 106.2087 | H17: 105.9135 | J17: 0.28476 | K17: =IF(J17>0,"прибыль",IF(J17<0,"убыток","ноль")) -> прибыль | L17: =IF(C17="",L16,IF(J17<0,L16+1,0)) -> 0 | M17: 28.48 | N17: 1211.1 | O17: 98707.33
A18: 13 | B18: IS | C18: 2012-07-27 | D18: 2012-09-20 | E18: long | F18: 3465.61 | G18: 110.6382 | H18: 107.7963 | I18: да | J18: -0.02838 | K18: =IF(J18>0,"прибыль",IF(J18<0,"убыток","ноль")) -> убыток | L18: =IF(C18="",L17,IF(J18<0,L17+1,0)) -> 1 | M18: -2.84 | N18: -98.37 | O18: 98608.96
A19: 14 | B19: IS | C19: 2012-09-20 | D19: 2012-09-28 | E19: long | F19: 1514.88 | G19: 107.8103 | H19: 112.2918 | J19: 4.47597 | K19: =IF(J19>0,"прибыль",IF(J19<0,"убыток","ноль")) -> прибыль | L19: =IF(C19="",L18,IF(J19<0,L18+1,0)) -> 0 | M19: 447.6 | N19: 6780.55 | O19: 105389.51
A20: 15 | B20: IS | C20: 2012-09-28 | D20: 2012-10-04 | E20: long | F20: 4936.86 | G20: 107.8103 | H20: 108.0738 | J20: 0.25272 | K20: =IF(J20>0,"прибыль",IF(J20<0,"убыток","ноль")) -> прибыль | L20: =IF(C20="",L19,IF(J20<0,L19+1,0)) -> 0 | M20: 25.27 | N20: 1247.63 | O20: 106637.14
A21: 16 | B21: IS | C21: 2012-10-04 | D21: 2012-10-05 | E21: short | F21: 4984.62 | G21: 108.0738 | H21: 112.4332 | J21: -4.36981 | K21: =IF(J21>0,"прибыль",IF(J21<0,"убыток","ноль")) -> убыток | L21: =IF(C21="",L20,IF(J21<0,L20+1,0)) -> 1 | M21: -436.98 | N21: -21781.83 | O21: 84855.31
A22: 17 | B22: IS | C22: 2012-10-05 | D22: 2012-10-18 | E22: long | F22: 4311.79 | G22: 112.4332 | H22: 113.3611 | I22: да | J22: 2.4113 | K22: =IF(J22>0,"прибыль",IF(J22<0,"убыток","ноль")) -> прибыль | L22: =IF(C22="",L21,IF(J22<0,L21+1,0)) -> 0 | M22: 241.13 | N22: 10397.04 | O22: 95252.35
A23: 18 | B23: IS | C23: 2012-10-18 | D23: 2012-10-22 | E23: short | F23: 4913.42 | G23: 113.3611 | H23: 110.8164 | J23: 2.53356 | K23: =IF(J23>0,"прибыль",IF(J23<0,"убыток","ноль")) -> прибыль | L23: =IF(C23="",L22,IF(J23<0,L22+1,0)) -> 0 | M23: 253.36 | N23: 12448.48 | O23: 107700.83
A24: 19 | B24: IS | C24: 2012-10-22 | D24: 2012-10-23 | E24: long | F24: 4926.58 | G24: 110.8164 | H24: 109.3241 | J24: -1.5033 | K24: =IF(J24>0,"прибыль",IF(J24<0,"убыток","ноль")) -> убыток | L24: =IF(C24="",L23,IF(J24<0,L23+1,0)) -> 1 | M24: -150.33 | N24: -7406.13 | O24: 100294.7
A25: 20 | B25: IS | C25: 2012-10-23 | D25: 2012-11-07 | E25: short | F25: 3025.61 | G25: 108.8544 | H25: 110.8192 | J25: -1.97664 | K25: =IF(J25>0,"прибыль",IF(J25<0,"убыток","ноль")) -> убыток | L25: =IF(C25="",L24,IF(J25<0,L24+1,0)) -> 2 | M25: -197.66 | N25: -5980.54 | O25: 94314.16
A26: 21 | B26: IS | C26: 2012-11-07 | D26: 2012-11-16 | E26: short | F26: 5411.97 | G26: 108.8544 | H26: 111.0845 | J26: -2.24043 | K26: =IF(J26>0,"прибыль",IF(J26<0,"убыток","ноль")) -> убыток | L26: =IF(C26="",L25,IF(J26<0,L25+1,0)) -> 3 | M26: -224.04 | N26: -12125.16 | O26: 82189
A27: 22 | B27: IS | C27: 2012-11-16 | D27: 2012-12-06 | E27: long | F27: 6637.4 | G27: 111.3173 | H27: 108.7609 | I27: да | J27: -0.80264 | K27: =IF(J27>0,"прибыль",IF(J27<0,"убыток","ноль")) -> убыток | L27: =IF(C27="",L26,IF(J27<0,L26+1,0)) -> 4 | M27: -80.26 | N27: -5327.42 | O27: 76861.58
A28: 23 | B28: IS | C28: 2012-12-06 | D28: 2012-12-19 | E28: short | F28: 10112.56 | G28: 108.6456 | H28: 108.9756 | I28: да | J28: -1.45746 | K28: =IF(J28>0,"прибыль",IF(J28<0,"убыток","ноль")) -> убыток | L28: =IF(C28="",L27,IF(J28<0,L27+1,0)) -> 5 | M28: -145.75 | N28: -14738.6 | O28: 62122.98
A29: 24 | B29: IS | C29: 2012-12-19 | D29: 2013-01-15 | E29: long | F29: 2505.04 | G29: 108.9756 | H29: 111.6208 | J29: 2.63959 | K29: =IF(J29>0,"прибыль",IF(J29<0,"убыток","ноль")) -> прибыль | L29: =IF(C29="",L28,IF(J29<0,L28+1,0)) -> 0 | M29: 263.96 | N29: 6612.29 | O29: 68735.28
A30: 25 | B30: IS | C30: 2013-01-15 | D30: 2013-02-21 | E30: long | F30: 3436.81 | G30: 113.0315 | H30: 115.1254 | I30: да | J30: 2.17271 | K30: =IF(J30>0,"прибыль",IF(J30<0,"убыток","ноль")) -> прибыль | L30: =IF(C30="",L29,IF(J30<0,L29+1,0)) -> 0 | M30: 217.27 | N30: 7467.17 | O30: 76202.45
A31: 26 | B31: IS | C31: 2013-02-21 | D31: 2013-03-04 | E31: long | F31: 11643.55 | G31: 112.9354 | H31: 110.2737 | J31: -2.67238 | K31: =IF(J31>0,"прибыль",IF(J31<0,"убыток","ноль")) -> убыток | L31: =IF(C31="",L30,IF(J31<0,L30+1,0)) -> 1 | M31: -267.24 | N31: -31116.05 | O31: 45086.4
A32: 27 | B32: IS | C32: 2013-03-04 | D32: 2013-04-04 | E32: short | F32: 3548.5 | G32: 109.5798 | H32: 107.3781 | I32: да | J32: 2.66261 | K32: =IF(J32>0,"прибыль",IF(J32<0,"убыток","ноль")) -> прибыль | L32: =IF(C32="",L31,IF(J32<0,L31+1,0)) -> 0 | M32: 266.26 | N32: 9448.28 | O32: 54534.68
A33: 28 | B33: IS | C33: 2013-04-04 | D33: 2013-04-16 | E33: short | F33: 2188.67 | G33: 110.0506 | H33: 100.3583 | J33: 9.68735 | K33: =IF(J33>0,"прибыль",IF(J33<0,"убыток","ноль")) -> прибыль | L33: =IF(C33="",L32,IF(J33<0,L32+1,0)) -> 0 | M33: 968.73 | N33: 21202.4 | O33: 75737.09
A34: 29 | B34: IS | C34: 2013-04-16 | D34: 2013-06-13 | E34: short | F34: 2106.04 | G34: 108.594 | H34: 103.2269 | I34: да | J34: 5.91615 | K34: =IF(J34>0,"прибыль",IF(J34<0,"убыток","ноль")) -> прибыль | L34: =IF(C34="",L33,IF(J34<0,L33+1,0)) -> 0 | M34: 591.62 | N34: 12459.63 | O34: 88196.71
A35: 30 | B35: IS | C35: 2013-06-13 | D35: 2013-06-14 | E35: short | F35: 8352.22 | G35: 109.1545 | H35: 104.2368 | J35: 4.90719 | K35: =IF(J35>0,"прибыль",IF(J35<0,"убыток","ноль")) -> прибыль | L35: =IF(C35="",L34,IF(J35<0,L34+1,0)) -> 0 | M35: 490.72 | N35: 40985.9 | O35: 129182.61
A36: 31 | B36: IS | C36: 2013-06-14 | D36: 2013-06-21 | E36: long | F36: 8340.51 | G36: 104.2368 | H36: 102.3762 | I36: да | J36: -3.23927 | K36: =IF(J36>0,"прибыль",IF(J36<0,"убыток","ноль")) -> убыток | L36: =IF(C36="",L35,IF(J36<0,L35+1,0)) -> 1 | M36: -323.93 | N36: -27017.14 | O36: 102165.47
A37: 32 | B37: IS | C37: 2013-06-21 | D37: 2013-07-08 | E37: short | F37: 7383.16 | G37: 102.3762 | H37: 107.7647 | J37: -5.39933 | K37: =IF(J37>0,"прибыль",IF(J37<0,"убыток","ноль")) -> убыток | L37: =IF(C37="",L36,IF(J37<0,L36+1,0)) -> 2 | M37: -539.93 | N37: -39864.13 | O37: 62301.34
A38: 33 | B38: IS | C38: 2013-07-08 | D38: 2013-08-28 | E38: long | F38: 4998.49 | G38: 108.5224 | H38: 114.261 | I38: да | J38: 7.34525 | K38: =IF(J38>0,"прибыль",IF(J38<0,"убыток","ноль")) -> прибыль | L38: =IF(C38="",L37,IF(J38<0,L37+1,0)) -> 0 | M38: 734.53 | N38: 36715.18 | O38: 99016.52
A39: 34 | B39: IS | C39: 2013-08-28 | D39: 2013-09-18 | E39: long | F39: 1763.73 | G39: 106.9037 | H39: 107.7106 | I39: да | J39: 3.12651 | K39: =IF(J39>0,"прибыль",IF(J39<0,"убыток","ноль")) -> прибыль | L39: =IF(C39="",L38,IF(J39<0,L38+1,0)) -> 0 | M39: 312.65 | N39: 5514.3 | O39: 104530.82
A40: 35 | B40: IS | C40: 2013-09-18 | D40: 2013-10-25 | E40: long | F40: 9306.95 | G40: 106.3233 | H40: 106.9235 | I40: да | J40: 2.46659 | K40: =IF(J40>0,"прибыль",IF(J40<0,"убыток","ноль")) -> прибыль | L40: =IF(C40="",L39,IF(J40<0,L39+1,0)) -> 0 | M40: 246.66 | N40: 22956.42 | O40: 127487.24
A41: 36 | B41: IS | C41: 2013-10-25 | D41: 2013-10-31 | E41: short | F41: 8580.23 | G41: 106.9235 | H41: 109.959 | J41: -3.04635 | K41: =IF(J41>0,"прибыль",IF(J41<0,"убыток","ноль")) -> убыток | L41: =IF(C41="",L40,IF(J41<0,L40+1,0)) -> 1 | M41: -304.64 | N41: -26138.39 | O41: 101348.86
A42: 37 | B42: IS | C42: 2013-10-31 | D42: 2013-11-01 | E42: long | F42: 8312.07 | G42: 109.959 | H42: 108.6738 | J42: -1.2964 | K42: =IF(J42>0,"прибыль",IF(J42<0,"убыток","ноль")) -> убыток | L42: =IF(C42="",L41,IF(J42<0,L41+1,0)) -> 2 | M42: -129.64 | N42: -10775.78 | O42: 90573.08
A43: 38 | B43: IS | C43: 2013-11-01 | D43: 2013-11-15 | E43: short | F43: 8698.81 | G43: 108.6738 | H43: 108.7585 | J43: -0.09462 | K43: =IF(J43>0,"прибыль",IF(J43<0,"убыток","ноль")) -> убыток | L43: =IF(C43="",L42,IF(J43<0,L42+1,0)) -> 3 | M43: -9.46 | N43: -823.11 | O43: 89749.97
A44: 39 | B44: IS | C44: 2013-11-15 | D44: 2013-11-19 | E44: long | F44: 7097.21 | G44: 108.7585 | H44: 108.2529 | I44: да | J44: -0.23603 | K44: =IF(J44>0,"прибыль",IF(J44<0,"убыток","ноль")) -> убыток | L44: =IF(C44="",L43,IF(J44<0,L43+1,0)) -> 4 | M44: -23.6 | N44: -1675.14 | O44: 88074.82
A45: 40 | B45: IS | C45: 2013-11-19 | D45: 2013-11-20 | E45: short | F45: 7216.15 | G45: 108.2529 | H45: 106.7176 | J45: 1.52474 | K45: =IF(J45>0,"прибыль",IF(J45<0,"убыток","ноль")) -> прибыль | L45: =IF(C45="",L44,IF(J45<0,L44+1,0)) -> 0 | M45: 152.47 | N45: 11002.77 | O45: 99077.59
A46: 41 | B46: IS | C46: 2013-11-20 | D46: 2013-12-13 | E46: long | F46: 8553.91 | G46: 107.5381 | H46: 108.5541 | J46: 1.00399 | K46: =IF(J46>0,"прибыль",IF(J46<0,"убыток","ноль")) -> прибыль | L46: =IF(C46="",L45,IF(J46<0,L45+1,0)) -> 0 | M46: 100.4 | N46: 8588.02 | O46: 107665.61
A47: 42 | B47: IS | C47: 2013-12-13 | D47: 2013-12-16 | E47: short | F47: 8736.55 | G47: 108.5541 | H47: 109.0962 | J47: -0.55308 | K47: =IF(J47>0,"прибыль",IF(J47<0,"убыток","ноль")) -> убыток | L47: =IF(C47="",L46,IF(J47<0,L46+1,0)) -> 1 | M47: -55.31 | N47: -4832 | O47: 102833.61
A48: 43 | B48: IS | C48: 2013-12-16 | D48: 2014-01-24 | E48: long | F48: 8920.41 | G48: 109.0962 | H48: 107.5724 | I48: да | J48: 0.88134 | K48: =IF(J48>0,"прибыль",IF(J48<0,"убыток","ноль")) -> прибыль | L48: =IF(C48="",L47,IF(J48<0,L47+1,0)) -> 0 | M48: 88.13 | N48: 7861.94 | O48: 110695.54
A49: 44 | B49: IS | C49: 2014-01-24 | D49: 2014-02-10 | E49: short | F49: 13359.48 | G49: 106.9676 | H49: 109.4568 | J49: -2.50098 | K49: =IF(J49>0,"прибыль",IF(J49<0,"убыток","ноль")) -> убыток | L49: =IF(C49="",L48,IF(J49<0,L48+1,0)) -> 1 | M49: -250.1 | N49: -33411.86 | O49: 77283.69
A50: 45 | B50: IS | C50: 2014-02-10 | D50: 2014-02-24 | E50: long | F50: 10570.66 | G50: 109.4568 | H50: 109.9044 | I50: да | J50: 0.10424 | K50: =IF(J50>0,"прибыль",IF(J50<0,"убыток","ноль")) -> прибыль | L50: =IF(C50="",L49,IF(J50<0,L49+1,0)) -> 0 | M50: 10.42 | N50: 1101.93 | O50: 78385.62
A51: 46 | B51: IS | C51: 2014-02-24 | D51: 2014-03-04 | E51: short | F51: 10985.55 | G51: 109.9044 | H51: 111.2782 | J51: -1.38466 | K51: =IF(J51>0,"прибыль",IF(J51<0,"убыток","ноль")) -> убыток | L51: =IF(C51="",L50,IF(J51<0,L50+1,0)) -> 1 | M51: -138.47 | N51: -15211.22 | O51: 63174.4
A52: 47 | B52: IS | C52: 2014-03-04 | D52: 2014-03-21 | E52: long | F52: 10633.06 | G52: 111.2782 | H52: 106.2033 | I52: да | J52: -2.81973 | K52: =IF(J52>0,"прибыль",IF(J52<0,"убыток","ноль")) -> убыток | L52: =IF(C52="",L51,IF(J52<0,L51+1,0)) -> 2 | M52: -281.97 | N52: -29982.31 | O52: 33192.09
A53: 48 | B53: IS | C53: 2014-03-21 | D53: 2014-03-24 | E53: short | F53: 10388.44 | G53: 106.2033 | H53: 106.918 | J53: -0.72532 | K53: =IF(J53>0,"прибыль",IF(J53<0,"убыток","ноль")) -> убыток | L53: =IF(C53="",L52,IF(J53<0,L52+1,0)) -> 3 | M53: -72.53 | N53: -7534.98 | O53: 25657.11
A54: 49 | B54: IS | C54: 2014-03-24 | D54: 2014-04-08 | E54: long | F54: 10116.67 | G54: 106.918 | H54: 105.7747 | J54: -1.15424 | K54: =IF(J54>0,"прибыль",IF(J54<0,"убыток","ноль")) -> убыток | L54: =IF(C54="",L53,IF(J54<0,L53+1,0)) -> 4 | M54: -115.42 | N54: -11677.03 | O54: 13980.08
A55: 50 | B55: IS | C55: 2014-04-08 | D55: 2014-04-09 | E55: short | F55: 10703.4 | G55: 105.7747 | H55: 107.5199 | J55: -1.75553 | K55: =IF(J55>0,"прибыль",IF(J55<0,"убыток","ноль")) -> убыток | L55: =IF(C55="",L54,IF(J55<0,L54+1,0)) -> 5 | M55: -175.55 | N55: -18790.14 | O55: -4810.06
A56: 51 | B56: IS | C56: 2014-04-09 | D56: 2014-04-30 | E56: long | F56: 9701.63 | G56: 107.5199 | H56: 108.7933 | I56: да | J56: 0.50095 | K56: =IF(J56>0,"прибыль",IF(J56<0,"убыток","ноль")) -> прибыль | L56: =IF(C56="",L55,IF(J56<0,L55+1,0)) -> 0 | M56: 50.09 | N56: 4860.01 | O56: 49.94
A57: 52 | B57: IS | C57: 2014-04-30 | D57: 2014-05-02 | E57: short | F57: 10592.32 | G57: 108.7933 | H57: 108.1855 | J57: 0.59694 | K57: =IF(J57>0,"прибыль",IF(J57<0,"убыток","ноль")) -> прибыль | L57: =IF(C57="",L56,IF(J57<0,L56+1,0)) -> 0 | M57: 59.69 | N57: 6323.02 | O57: 6372.97
A58: 53 | B58: IS | C58: 2014-05-02 | D58: 2014-05-07 | E58: long | F58: 10810.4 | G58: 108.1855 | H58: 107.3986 | J58: -0.79819 | K58: =IF(J58>0,"прибыль",IF(J58<0,"убыток","ноль")) -> убыток | L58: =IF(C58="",L57,IF(J58<0,L57+1,0)) -> 1 | M58: -79.82 | N58: -8628.77 | O58: -2255.8
A59: 54 | B59: IS | C59: 2014-05-07 | D59: 2014-05-08 | E59: short | F59: 11918.4 | G59: 107.3986 | H59: 108.4696 | J59: -1.0822 | K59: =IF(J59>0,"прибыль",IF(J59<0,"убыток","ноль")) -> убыток | L59: =IF(C59="",L58,IF(J59<0,L58+1,0)) -> 2 | M59: -108.22 | N59: -12898.12 | O59: -15153.92
A60: 55 | B60: IS | C60: 2014-05-08 | D60: 2014-06-16 | E60: long | F60: 10027.17 | G60: 109.0788 | H60: 113.2917 | I60: да | J60: 4.76601 | K60: =IF(J60>0,"прибыль",IF(J60<0,"убыток","ноль")) -> прибыль | L60: =IF(C60="",L59,IF(J60<0,L59+1,0)) -> 0 | M60: 476.6 | N60: 47789.56 | O60: 32635.64
A61: 56 | B61: IS | C61: 2014-06-16 | D61: 2014-07-10 | E61: long | F61: 10548.45 | G61: 108.5157 | H61: 108.049 | I61: да | J61: -0.19905 | K61: =IF(J61>0,"прибыль",IF(J61<0,"убыток","ноль")) -> убыток | L61: =IF(C61="",L60,IF(J61<0,L60+1,0)) -> 1 | M61: -19.9 | N61: -2099.66 | O61: 30535.97
A62: 57 | B62: IS | C62: 2014-07-10 | D62: 2014-09-04 | E62: short | F62: 3451.33 | G62: 107.6433 | H62: 102.4106 | I62: да | J62: 8.73403 | K62: =IF(J62>0,"прибыль",IF(J62<0,"убыток","ноль")) -> прибыль | L62: =IF(C62="",L61,IF(J62<0,L61+1,0)) -> 0 | M62: 873.4 | N62: 30144 | O62: 60679.98
A63: 58 | B63: IS | C63: 2014-09-04 | D63: 2014-10-15 | E63: short | F63: 3642.92 | G63: 105.6513 | H63: 85.2819 | I63: да | J63: 22.97242 | K63: =IF(J63>0,"прибыль",IF(J63<0,"убыток","ноль")) -> прибыль | L63: =IF(C63="",L62,IF(J63<0,L62+1,0)) -> 0 | M63: 2297.24 | N63: 83686.73 | O63: 144366.71
A64: 59 | B64: IS | C64: 2014-10-15 | D64: 2014-10-30 | E64: short | F64: 2029.61 | G64: 108.2647 | H64: 87.1156 | I64: да | J64: 23.37339 | K64: =IF(J64>0,"прибыль",IF(J64<0,"убыток","ноль")) -> прибыль | L64: =IF(C64="",L63,IF(J64<0,L63+1,0)) -> 0 | M64: 2337.34 | N64: 47438.76 | O64: 191805.46
A65: 60 | B65: IS | C65: 2014-10-30 | D65: 2014-11-28 | E65: short | F65: 2204.07 | G65: 103.2986 | H65: 72.5912 | I65: да | J65: 33.09116 | K65: =IF(J65>0,"прибыль",IF(J65<0,"убыток","ноль")) -> прибыль | L65: =IF(C65="",L64,IF(J65<0,L64+1,0)) -> 0 | M65: 3309.12 | N65: 72935.37 | O65: 264740.83
A66: 61 | B66: IS | C66: 2014-11-28 | D66: 2014-12-24 | E66: short | F66: 1744.32 | G66: 105.6904 | H66: 61.657 | I66: да | J66: 46.15121 | K66: =IF(J66>0,"прибыль",IF(J66<0,"убыток","ноль")) -> прибыль | L66: =IF(C66="",L65,IF(J66<0,L65+1,0)) -> 0 | M66: 4615.12 | N66: 80502.31 | O66: 345243.14
A67: 62 | B67: IS | C67: 2014-12-24 | D67: 2015-02-03 | E67: short | F67: 2114.7 | G67: 96.3703 | H67: 55.0057 | I67: да | J67: 45.94756 | K67: =IF(J67>0,"прибыль",IF(J67<0,"убыток","ноль")) -> прибыль | L67: =IF(C67="",L66,IF(J67<0,L66+1,0)) -> 0 | M67: 4594.76 | N67: 97165.52 | O67: 442408.66
A68: 63 | B68: IS | C68: 2015-02-03 | D68: 2015-03-05 | E68: short | F68: 4876.2 | G68: 100.9584 | H68: 60.7052 | I68: да | J68: 47.59889 | K68: =IF(J68>0,"прибыль",IF(J68<0,"убыток","ноль")) -> прибыль | L68: =IF(C68="",L67,IF(J68<0,L67+1,0)) -> 0 | M68: 4759.89 | N68: 232101.52 | O68: 674510.18
A69: 64 | B69: IS | C69: 2015-03-05 | D69: 2015-03-17 | E69: long | F69: 5375.82 | G69: 60.7052 | H69: 53.2035 | J69: -7.50757 | K69: =IF(J69>0,"прибыль",IF(J69<0,"убыток","ноль")) -> убыток | L69: =IF(C69="",L68,IF(J69<0,L68+1,0)) -> 1 | M69: -750.76 | N69: -40359.38 | O69: 634150.8
A70: 65 | B70: IS | C70: 2015-03-17 | D70: 2015-03-19 | E70: short | F70: 6663.18 | G70: 53.2035 | H70: 56.0395 | I70: да | J70: -3.09013 | K70: =IF(J70>0,"прибыль",IF(J70<0,"убыток","ноль")) -> убыток | L70: =IF(C70="",L69,IF(J70<0,L69+1,0)) -> 2 | M70: -309.01 | N70: -20590.07 | O70: 613560.73
A71: 66 | B71: IS | C71: 2015-03-19 | D71: 2015-04-02 | E71: long | F71: 5637.07 | G71: 56.0395 | H71: 56.6582 | J71: 0.61312 | K71: =IF(J71>0,"прибыль",IF(J71<0,"убыток","ноль")) -> прибыль | L71: =IF(C71="",L70,IF(J71<0,L70+1,0)) -> 0 | M71: 61.31 | N71: 3456.19 | O71: 617016.93
A72: 67 | B72: IS | C72: 2015-04-02 | D72: 2015-04-20 | E72: short | F72: 5223.05 | G72: 56.6582 | H72: 63.9818 | I72: да | J72: -4.25344 | K72: =IF(J72>0,"прибыль",IF(J72<0,"убыток","ноль")) -> убыток | L72: =IF(C72="",L71,IF(J72<0,L71+1,0)) -> 1 | M72: -425.34 | N72: -22215.93 | O72: 594800.99
A73: 68 | B73: IS | C73: 2015-04-20 | D73: 2015-04-22 | E73: long | F73: 5654.77 | G73: 63.9818 | H73: 61.6992 | J73: -2.28879 | K73: =IF(J73>0,"прибыль",IF(J73<0,"убыток","ноль")) -> убыток | L73: =IF(C73="",L72,IF(J73<0,L72+1,0)) -> 2 | M73: -228.88 | N73: -12942.59 | O73: 581858.41
A74: 69 | B74: IS | C74: 2015-04-22 | D74: 2015-04-23 | E74: short | F74: 5663.99 | G74: 61.6992 | H74: 62.7516 | J74: -1.05863 | K74: =IF(J74>0,"прибыль",IF(J74<0,"убыток","ноль")) -> убыток | L74: =IF(C74="",L73,IF(J74<0,L73+1,0)) -> 3 | M74: -105.86 | N74: -5996.06 | O74: 575862.34
A75: 70 | B75: IS | C75: 2015-04-23 | D75: 2015-04-28 | E75: long | F75: 5632.08 | G75: 62.7516 | H75: 64.4293 | J75: 1.67079 | K75: =IF(J75>0,"прибыль",IF(J75<0,"убыток","ноль")) -> прибыль | L75: =IF(C75="",L74,IF(J75<0,L74+1,0)) -> 0 | M75: 167.08 | N75: 9410.01 | O75: 585272.35
A76: 71 | B76: IS | C76: 2015-04-28 | D76: 2015-04-29 | E76: short | F76: 6505.44 | G76: 64.4293 | H76: 64.6785 | J76: -0.25581 | K76: =IF(J76>0,"прибыль",IF(J76<0,"убыток","ноль")) -> убыток | L76: =IF(C76="",L75,IF(J76<0,L75+1,0)) -> 1 | M76: -25.58 | N76: -1664.18 | O76: 583608.17
A77: 72 | B77: IS | C77: 2015-04-29 | D77: 2015-04-30 | E77: long | F77: 0 | G77: 64.6785 | H77: 65.5513 | J77: 0.86952 | K77: =IF(J77>0,"прибыль",IF(J77<0,"убыток","ноль")) -> прибыль | L77: =IF(C77="",L76,IF(J77<0,L76+1,0)) -> 0 | M77: 86.95 | N77: 0 | O77: 583608.17
A78: 73 | B78: IS | C78: 2015-04-30 | D78: 2015-06-01 | E78: long | F78: 1875.47 | G78: 64.9093 | H78: 65.2471 | I78: да | J78: -0.08931 | K78: =IF(J78>0,"прибыль",IF(J78<0,"убыток","ноль")) -> убыток | L78: =IF(C78="",L77,IF(J78<0,L77+1,0)) -> 1 | M78: -8.93 | N78: -167.5 | O78: 583440.67
A79: 74 | B79: IS | C79: 2015-06-01 | D79: 2015-06-17 | E79: long | F79: 7216.05 | G79: 65.3287 | H79: 63.6398 | I79: да | J79: -2.85293 | K79: =IF(J79>0,"прибыль",IF(J79<0,"убыток","ноль")) -> убыток | L79: =IF(C79="",L78,IF(J79<0,L78+1,0)) -> 2 | M79: -285.29 | N79: -20586.88 | O79: 562853.79
A80: 75 | B80: IS | C80: 2015-06-17 | D80: 2015-06-18 | E80: short | F80: 0 | G80: 63.6398 | H80: 63.7472 | J80: -0.11055 | K80: =IF(J80>0,"прибыль",IF(J80<0,"убыток","ноль")) -> убыток | L80: =IF(C80="",L79,IF(J80<0,L79+1,0)) -> 3 | M80: -11.06 | N80: 0 | O80: 562853.79
A81: 76 | B81: IS | C81: 2015-06-18 | D81: 2015-06-24 | E81: short | F81: 6563.01 | G81: 63.6398 | H81: 64.5878 | J81: -0.95455 | K81: =IF(J81>0,"прибыль",IF(J81<0,"убыток","ноль")) -> убыток | L81: =IF(C81="",L80,IF(J81<0,L80+1,0)) -> 4 | M81: -95.45 | N81: -6264.72 | O81: 556589.08
A82: 77 | B82: IS | C82: 2015-06-24 | D82: 2015-06-25 | E82: long | F82: 6813.05 | G82: 64.5878 | H82: 63.456 | J82: -1.13833 | K82: =IF(J82>0,"прибыль",IF(J82<0,"убыток","ноль")) -> убыток | L82: =IF(C82="",L81,IF(J82<0,L81+1,0)) -> 5 | M82: -113.83 | N82: -7755.48 | O82: 548833.6
A83: 78 | B83: IS | C83: 2015-06-25 | D83: 2015-08-28 | E83: short | F83: 5088.76 | G83: 60.0437 | H83: 47.5888 | I83: да | J83: 11.5021 | K83: =IF(J83>0,"прибыль",IF(J83<0,"убыток","ноль")) -> прибыль | L83: =IF(C83="",L82,IF(J83<0,L82+1,0)) -> 0 | M83: 1150.21 | N83: 58531.41 | O83: 607365.01
A84: 79 | B84: IS | C84: 2015-08-28 | D84: 2015-09-02 | E84: short | F84: 1396.2 | G84: 59.0954 | H84: 48.7705 | J84: 10.32241 | K84: =IF(J84>0,"прибыль",IF(J84<0,"убыток","ноль")) -> прибыль | L84: =IF(C84="",L83,IF(J84<0,L83+1,0)) -> 0 | M84: 1032.24 | N84: 14412.18 | O84: 621777.19
A85: 80 | B85: IS | C85: 2015-09-02 | D85: 2015-10-09 | E85: short | F85: 8547.92 | G85: 52.3312 | H85: 53.3747 | I85: да | J85: 2.65605 | K85: =IF(J85>0,"прибыль",IF(J85<0,"убыток","ноль")) -> прибыль | L85: =IF(C85="",L84,IF(J85<0,L84+1,0)) -> 0 | M85: 265.61 | N85: 22703.71 | O85: 644480.91
A86: 81 | B86: IS | C86: 2015-10-09 | D86: 2015-10-13 | E86: long | F86: 7939.9 | G86: 53.3747 | H86: 50.3275 | J86: -3.05234 | K86: =IF(J86>0,"прибыль",IF(J86<0,"убыток","ноль")) -> убыток | L86: =IF(C86="",L85,IF(J86<0,L85+1,0)) -> 1 | M86: -305.23 | N86: -24235.26 | O86: 620245.64
A87: 82 | B87: IS | C87: 2015-10-13 | D87: 2015-10-14 | E87: short | F87: 0 | G87: 50.3275 | H87: 49.2723 | J87: 1.05275 | K87: =IF(J87>0,"прибыль",IF(J87<0,"убыток","ноль")) -> прибыль | L87: =IF(C87="",L86,IF(J87<0,L86+1,0)) -> 0 | M87: 105.28 | N87: 0 | O87: 620245.64
A88: 83 | B88: IS | C88: 2015-10-14 | D88: 2015-10-19 | E88: short | F88: 7867.31 | G88: 50.3275 | H88: 50.4409 | I88: да | J88: 1.58586 | K88: =IF(J88>0,"прибыль",IF(J88<0,"убыток","ноль")) -> прибыль | L88: =IF(C88="",L87,IF(J88<0,L87+1,0)) -> 0 | M88: 158.59 | N88: 12476.46 | O88: 632722.1
A89: 84 | B89: IS | C89: 2015-10-19 | D89: 2015-10-22 | E89: long | F89: 8362.5 | G89: 50.4409 | H89: 47.9028 | J89: -2.54298 | K89: =IF(J89>0,"прибыль",IF(J89<0,"убыток","ноль")) -> убыток | L89: =IF(C89="",L88,IF(J89<0,L88+1,0)) -> 1 | M89: -254.3 | N89: -21265.64 | O89: 611456.46
A90: 85 | B90: IS | C90: 2015-10-22 | D90: 2015-12-30 | E90: short | F90: 2752.37 | G90: 44.8869 | H90: 37.8076 | I90: да | J90: 8.27468 | K90: =IF(J90>0,"прибыль",IF(J90<0,"убыток","ноль")) -> прибыль | L90: =IF(C90="",L89,IF(J90<0,L89+1,0)) -> 0 | M90: 827.47 | N90: 22774.99 | O90: 634231.44
A91: 86 | B91: IS | C91: 2015-12-30 | D91: 2016-01-25 | E91: short | F91: 3143.09 | G91: 46.0873 | H91: 32.2216 | I91: да | J91: 11.06997 | K91: =IF(J91>0,"прибыль",IF(J91<0,"убыток","ноль")) -> прибыль | L91: =IF(C91="",L90,IF(J91<0,L90+1,0)) -> 0 | M91: 1107 | N91: 34793.89 | O91: 669025.34
A92: 87 | B92: IS | C92: 2016-01-25 | D92: 2016-02-04 | E92: short | F92: 2067.18 | G92: 43.2932 | H92: 35.5734 | I92: да | J92: 6.93154 | K92: =IF(J92>0,"прибыль",IF(J92<0,"убыток","ноль")) -> прибыль | L92: =IF(C92="",L91,IF(J92<0,L91+1,0)) -> 0 | M92: 693.15 | N92: 14328.75 | O92: 683354.08
A93: 88 | B93: IS | C93: 2016-02-04 | D93: 2016-02-18 | E93: short | F93: 6994.08 | G93: 40.6608 | H93: 34.3905 | J93: 6.26677 | K93: =IF(J93>0,"прибыль",IF(J93<0,"убыток","ноль")) -> прибыль | L93: =IF(C93="",L92,IF(J93<0,L92+1,0)) -> 0 | M93: 626.68 | N93: 43830.24 | O93: 727184.33
A94: 89 | B94: IS | C94: 2016-02-18 | D94: 2016-02-19 | E94: long | F94: 5820.36 | G94: 34.3905 | H94: 33.8113 | J94: -0.58261 | K94: =IF(J94>0,"прибыль",IF(J94<0,"убыток","ноль")) -> убыток | L94: =IF(C94="",L93,IF(J94<0,L93+1,0)) -> 1 | M94: -58.26 | N94: -3391.01 | O94: 723793.32
A95: 90 | B95: IS | C95: 2016-02-19 | D95: 2016-02-26 | E95: short | F95: 5945.74 | G95: 33.8113 | H95: 35.229 | J95: -1.42141 | K95: =IF(J95>0,"прибыль",IF(J95<0,"убыток","ноль")) -> убыток | L95: =IF(C95="",L94,IF(J95<0,L94+1,0)) -> 2 | M95: -142.14 | N95: -8451.35 | O95: 715341.97
A96: 91 | B96: IS | C96: 2016-02-26 | D96: 2016-04-12 | E96: long | F96: 2552.12 | G96: 37.0104 | H96: 42.7196 | I96: да | J96: 5.73329 | K96: =IF(J96>0,"прибыль",IF(J96<0,"убыток","ноль")) -> прибыль | L96: =IF(C96="",L95,IF(J96<0,L95+1,0)) -> 0 | M96: 573.33 | N96: 14632.06 | O96: 729974.02
A97: 92 | B97: IS | C97: 2016-04-12 | D97: 2016-06-20 | E97: long | F97: 4693.29 | G97: 41.3866 | H97: 49.2282 | I97: да | J97: 8.28664 | K97: =IF(J97>0,"прибыль",IF(J97<0,"убыток","ноль")) -> прибыль | L97: =IF(C97="",L96,IF(J97<0,L96+1,0)) -> 0 | M97: 828.66 | N97: 38891.58 | O97: 768865.61
A98: 93 | B98: IS | C98: 2016-06-20 | D98: 2016-06-29 | E98: long | F98: 2169.08 | G98: 40.9366 | H98: 48.6752 | J98: 7.73622 | K98: =IF(J98>0,"прибыль",IF(J98<0,"убыток","ноль")) -> прибыль | L98: =IF(C98="",L97,IF(J98<0,L97+1,0)) -> 0 | M98: 773.62 | N98: 16780.47 | O98: 785646.08
A99: 94 | B99: IS | C99: 2016-06-29 | D99: 2016-07-08 | E99: long | F99: 7643.45 | G99: 40.9366 | H99: 46.5003 | I99: да | J99: 4.95961 | K99: =IF(J99>0,"прибыль",IF(J99<0,"убыток","ноль")) -> прибыль | L99: =IF(C99="",L98,IF(J99<0,L98+1,0)) -> 0 | M99: 495.96 | N99: 37908.48 | O99: 823554.55
A100: 95 | B100: IS | C100: 2016-07-08 | D100: 2016-07-11 | E100: short | F100: 0 | G100: 46.5003 | H100: 46.6796 | J100: -0.18171 | K100: =IF(J100>0,"прибыль",IF(J100<0,"убыток","ноль")) -> убыток | L100: =IF(C100="",L99,IF(J100<0,L99+1,0)) -> 1 | M100: -18.17 | N100: 0 | O100: 823554.55
A101: 96 | B101: IS | C101: 2016-07-11 | D101: 2016-08-12 | E101: short | F101: 2821.52 | G101: 45.1915 | H101: 46.12 | I101: да | J101: -1.11626 | K101: =IF(J101>0,"прибыль",IF(J101<0,"убыток","ноль")) -> убыток | L101: =IF(C101="",L100,IF(J101<0,L100+1,0)) -> 2 | M101: -111.63 | N101: -3149.55 | O101: 820405
...

Sheet 7F_1_TSMOM_NG
A1: 1 Time-Series Momentum · NG · lookback=90
A2: Параметры: лучший Шарп в выборке. Издержки ~7 б.п. за оборот вычтены.
A3: Каждая строка — исход по порядку закрытия. Пункт — единица котировки (BR: 1 USD за баррель, NG: 1 USD за MMBtu); плюс — прибыль, минус — убыток.
A5: № | B5: период | C5: вход | D5: выход | E5: направление | F5: объём, ед. актива | G5: цена входа | H5: цена выхода | I5: через ролл | J5: результат, пунктов | K5: исход | L5: серия убыточных подряд | M5: результат, шагов цены | N5: результат, USD | O5: итог, USD | P5: примечание
A6: 1 | B6: IS | C6: 2020-06-16 | D6: 2020-06-30 | E6: short | F6: 44555.81 | G6: 1.6668 | H6: 1.7117 | I6: да | J6: 0.0413 | K6: =IF(J6>0,"прибыль",IF(J6<0,"убыток","ноль")) -> прибыль | L6: =IF(AND(C6<>"",J6<0),1,0) -> 0 | M6: 41.3 | N6: 1840.33 | O6: 1840.33
A7: 2 | B7: IS | C7: 2020-06-30 | D7: 2020-08-04 | E7: short | F7: 137869.39 | G7: 1.7534 | H7: 2.1054 | I7: да | J7: -0.2508 | K7: =IF(J7>0,"прибыль",IF(J7<0,"убыток","ноль")) -> убыток | L7: =IF(C7="",L6,IF(J7<0,L6+1,0)) -> 1 | M7: -250.8 | N7: -34578.25 | O7: -32737.92
A8: 3 | B8: IS | C8: 2020-08-04 | D8: 2020-09-03 | E8: long | F8: 121044.81 | G8: 2.1877 | H8: 2.4975 | I8: да | J8: 0.08912 | K8: =IF(J8>0,"прибыль",IF(J8<0,"убыток","ноль")) -> прибыль | L8: =IF(C8="",L7,IF(J8<0,L7+1,0)) -> 0 | M8: 89.12 | N8: 10787.62 | O8: -21950.3
A9: 4 | B9: IS | C9: 2020-09-03 | D9: 2020-09-04 | E9: short | F9: 123238.84 | G9: 2.4975 | H9: 2.4824 | J9: 0.01491 | K9: =IF(J9>0,"прибыль",IF(J9<0,"убыток","ноль")) -> прибыль | L9: =IF(C9="",L8,IF(J9<0,L8+1,0)) -> 0 | M9: 14.91 | N9: 1837.04 | O9: -20113.25
A10: 5 | B10: IS | C10: 2020-09-04 | D10: 2020-09-09 | E10: long | F10: 126497.72 | G10: 2.4824 | H10: 2.3535 | J10: -0.12907 | K10: =IF(J10>0,"прибыль",IF(J10<0,"убыток","ноль")) -> убыток | L10: =IF(C10="",L9,IF(J10<0,L9+1,0)) -> 1 | M10: -129.07 | N10: -16327.38 | O10: -36440.64
A11: 6 | B11: IS | C11: 2020-09-09 | D11: 2020-09-10 | E11: short | F11: 121122.88 | G11: 2.3535 | H11: 2.4016 | J11: -0.04829 | K11: =IF(J11>0,"прибыль",IF(J11<0,"убыток","ноль")) -> убыток | L11: =IF(C11="",L10,IF(J11<0,L10+1,0)) -> 2 | M11: -48.29 | N11: -5849.55 | O11: -42290.18
A12: 7 | B12: IS | C12: 2020-09-10 | D12: 2020-09-11 | E12: long | F12: 118755.88 | G12: 2.4016 | H12: 2.3075 | J12: -0.0943 | K12: =IF(J12>0,"прибыль",IF(J12<0,"убыток","ноль")) -> убыток | L12: =IF(C12="",L11,IF(J12<0,L11+1,0)) -> 3 | M12: -94.3 | N12: -11198.3 | O12: -53488.48
A13: 8 | B13: IS | C13: 2020-09-11 | D13: 2020-09-14 | E13: short | F13: 0 | G13: 2.3075 | H13: 2.324 | J13: -0.01662 | K13: =IF(J13>0,"прибыль",IF(J13<0,"убыток","ноль")) -> убыток | L13: =IF(C13="",L12,IF(J13<0,L12+1,0)) -> 4 | M13: -16.62 | N13: 0 | O13: -53488.48
A14: 9 | B14: IS | C14: 2020-09-14 | D14: 2020-09-24 | E14: short | F14: 120797.98 | G14: 2.3075 | H14: 2.2064 | J14: 0.10095 | K14: =IF(J14>0,"прибыль",IF(J14<0,"убыток","ноль")) -> прибыль | L14: =IF(C14="",L13,IF(J14<0,L13+1,0)) -> 0 | M14: 100.95 | N14: 12194.17 | O14: -41294.31
A15: 10 | B15: IS | C15: 2020-09-24 | D15: 2020-09-25 | E15: long | F15: 68188.37 | G15: 2.2064 | H15: 2.1926 | J15: -0.014 | K15: =IF(J15>0,"прибыль",IF(J15<0,"убыток","ноль")) -> убыток | L15: =IF(C15="",L14,IF(J15<0,L14+1,0)) -> 1 | M15: -14 | N15: -954.78 | O15: -42249.09
A16: 11 | B16: IS | C16: 2020-09-25 | D16: 2020-09-28 | E16: short | F16: 0 | G16: 2.1926 | H16: 2.1452 | J16: 0.04731 | K16: =IF(J16>0,"прибыль",IF(J16<0,"убыток","ноль")) -> прибыль | L16: =IF(C16="",L15,IF(J16<0,L15+1,0)) -> 0 | M16: 47.31 | N16: 0 | O16: -42249.09
A17: 12 | B17: IS | C17: 2020-09-28 | D17: 2020-10-21 | E17: short | F17: 52905.68 | G17: 2.1926 | H17: 2.9204 | I17: да | J17: -0.08202 | K17: =IF(J17>0,"прибыль",IF(J17<0,"убыток","ноль")) -> убыток | L17: =IF(C17="",L16,IF(J17<0,L16+1,0)) -> 1 | M17: -82.02 | N17: -4339.35 | O17: -46588.44
A18: 13 | B18: IS | C18: 2020-10-21 | D18: 2020-11-10 | E18: long | F18: 79464.74 | G18: 2.9642 | H18: 2.8935 | I18: да | J18: -0.33618 | K18: =IF(J18>0,"прибыль",IF(J18<0,"убыток","ноль")) -> убыток | L18: =IF(C18="",L17,IF(J18<0,L17+1,0)) -> 2 | M18: -336.18 | N18: -26714.12 | O18: -73302.56
A19: 14 | B19: IS | C19: 2020-11-10 | D19: 2020-11-16 | E19: short | F19: 99387.62 | G19: 2.8935 | H19: 2.9865 | J19: -0.09333 | K19: =IF(J19>0,"прибыль",IF(J19<0,"убыток","ноль")) -> убыток | L19: =IF(C19="",L18,IF(J19<0,L18+1,0)) -> 3 | M19: -93.33 | N19: -9276.32 | O19: -82578.88
A20: 15 | B20: IS | C20: 2020-11-16 | D20: 2020-11-17 | E20: long | F20: 99541.6 | G20: 2.9865 | H20: 2.6841 | J20: -0.30263 | K20: =IF(J20>0,"прибыль",IF(J20<0,"убыток","ноль")) -> убыток | L20: =IF(C20="",L19,IF(J20<0,L19+1,0)) -> 4 | M20: -302.63 | N20: -30124.48 | O20: -112703.36
A21: 16 | B21: IS | C21: 2020-11-17 | D21: 2020-11-25 | E21: short | F21: 90661.42 | G21: 2.6841 | H21: 2.7796 | J21: -0.09575 | K21: =IF(J21>0,"прибыль",IF(J21<0,"убыток","ноль")) -> убыток | L21: =IF(C21="",L20,IF(J21<0,L20+1,0)) -> 5 | M21: -95.75 | N21: -8680.82 | O21: -121384.17
A22: 17 | B22: IS | C22: 2020-11-25 | D22: 2020-11-27 | E22: long | F22: 90936.71 | G22: 2.7796 | H22: 2.9181 | I22: да | J22: -0.0331 | K22: =IF(J22>0,"прибыль",IF(J22<0,"убыток","ноль")) -> убыток | L22: =IF(C22="",L21,IF(J22<0,L21+1,0)) -> 6 | M22: -33.1 | N22: -3010.29 | O22: -124394.47
A23: 18 | B23: IS | C23: 2020-11-27 | D23: 2021-02-05 | E23: short | F23: 24337.48 | G23: 2.8409 | H23: 2.9746 | I23: да | J23: 0.0751 | K23: =IF(J23>0,"прибыль",IF(J23<0,"убыток","ноль")) -> прибыль | L23: =IF(C23="",L22,IF(J23<0,L22+1,0)) -> 0 | M23: 75.1 | N23: 1827.86 | O23: -122566.61
A24: 19 | B24: IS | C24: 2021-02-05 | D24: 2021-04-19 | E24: short | F24: 167390.23 | G24: 2.8431 | H24: 2.6892 | I24: да | J24: 0.17073 | K24: =IF(J24>0,"прибыль",IF(J24<0,"убыток","ноль")) -> прибыль | L24: =IF(C24="",L23,IF(J24<0,L23+1,0)) -> 0 | M24: 170.73 | N24: 28579.27 | O24: -93987.35
A25: 20 | B25: IS | C25: 2021-04-19 | D25: 2021-04-22 | E25: long | F25: 195427.32 | G25: 2.6892 | H25: 2.6949 | J25: 0.00546 | K25: =IF(J25>0,"прибыль",IF(J25<0,"убыток","ноль")) -> прибыль | L25: =IF(C25="",L24,IF(J25<0,L24+1,0)) -> 0 | M25: 5.46 | N25: 1066.55 | O25: -92920.8
A26: 21 | B26: IS | C26: 2021-04-22 | D26: 2021-04-23 | E26: short | F26: 0 | G26: 2.6949 | H26: 2.7542 | J26: -0.05941 | K26: =IF(J26>0,"прибыль",IF(J26<0,"убыток","ноль")) -> убыток | L26: =IF(C26="",L25,IF(J26<0,L25+1,0)) -> 1 | M26: -59.41 | N26: 0 | O26: -92920.8
A27: 22 | B27: IS | C27: 2021-04-23 | D27: 2021-05-06 | E27: short | F27: 194124.39 | G27: 2.6949 | H27: 2.953 | I27: да | J27: -0.18708 | K27: =IF(J27>0,"прибыль",IF(J27<0,"убыток","ноль")) -> убыток | L27: =IF(C27="",L26,IF(J27<0,L26+1,0)) -> 2 | M27: -187.08 | N27: -36316.69 | O27: -129237.49
A28: 23 | B28: IS | C28: 2021-05-06 | D28: 2021-05-18 | E28: long | F28: 50040.34 | G28: 2.953 | H28: 3.1164 | J28: 0.16327 | K28: =IF(J28>0,"прибыль",IF(J28<0,"убыток","ноль")) -> прибыль | L28: =IF(C28="",L27,IF(J28<0,L27+1,0)) -> 0 | M28: 163.27 | N28: 8169.94 | O28: -121067.55
A29: 24 | B29: IS | C29: 2021-05-18 | D29: 2021-07-07 | E29: long | F29: 37519.98 | G29: 2.953 | H29: 3.6742 | I29: да | J29: 0.54462 | K29: =IF(J29>0,"прибыль",IF(J29<0,"убыток","ноль")) -> прибыль | L29: =IF(C29="",L28,IF(J29<0,L28+1,0)) -> 0 | M29: 544.62 | N29: 20434.03 | O29: -100633.52
A30: 25 | B30: IS | C30: 2021-07-07 | D30: 2021-08-27 | E30: long | F30: 35905.63 | G30: 3.1294 | H30: 4.1776 | I30: да | J30: 1.07401 | K30: =IF(J30>0,"прибыль",IF(J30<0,"убыток","ноль")) -> прибыль | L30: =IF(C30="",L29,IF(J30<0,L29+1,0)) -> 0 | M30: 1074.01 | N30: 38563.04 | O30: -62070.47
A31: 26 | B31: IS | C31: 2021-08-27 | D31: 2021-09-09 | E31: long | F31: 21144.41 | G31: 3.1034 | H31: 4.9153 | I31: да | J31: 1.64779 | K31: =IF(J31>0,"прибыль",IF(J31<0,"убыток","ноль")) -> прибыль | L31: =IF(C31="",L30,IF(J31<0,L30+1,0)) -> 0 | M31: 1647.79 | N31: 34841.57 | O31: -27228.9
A32: 27 | B32: IS | C32: 2021-09-09 | D32: 2021-09-28 | E32: long | F32: 19974.59 | G32: 3.2673 | H32: 5.6948 | J32: 2.42725 | K32: =IF(J32>0,"прибыль",IF(J32<0,"убыток","ноль")) -> прибыль | L32: =IF(C32="",L31,IF(J32<0,L31+1,0)) -> 0 | M32: 2427.25 | N32: 48483.41 | O32: 21254.5
A33: 28 | B33: IS | C33: 2021-09-28 | D33: 2021-10-05 | E33: long | F33: 9538.47 | G33: 3.2673 | H33: 5.8046 | I33: да | J33: 2.47629 | K33: =IF(J33>0,"прибыль",IF(J33<0,"убыток","ноль")) -> прибыль | L33: =IF(C33="",L32,IF(J33<0,L32+1,0)) -> 0 | M33: 2476.29 | N33: 23620 | O33: 44874.51
A34: 29 | B34: IS | C34: 2021-10-05 | D34: 2021-10-26 | E34: long | F34: 6815.96 | G34: 3.328 | H34: 5.9809 | J34: 2.65267 | K34: =IF(J34>0,"прибыль",IF(J34<0,"убыток","ноль")) -> прибыль | L34: =IF(C34="",L33,IF(J34<0,L33+1,0)) -> 0 | M34: 2652.67 | N34: 18080.47 | O34: 62954.97
A35: 30 | B35: IS | C35: 2021-10-26 | D35: 2021-12-01 | E35: long | F35: 35354.14 | G35: 3.8889 | H35: 4.5909 | I35: да | J35: 0.26611 | K35: =IF(J35>0,"прибыль",IF(J35<0,"убыток","ноль")) -> прибыль | L35: =IF(C35="",L34,IF(J35<0,L34+1,0)) -> 0 | M35: 266.11 | N35: 9407.96 | O35: 72362.93
A36: 31 | B36: IS | C36: 2021-12-01 | D36: 2022-01-13 | E36: short | F36: 19965.43 | G36: 4.3887 | H36: 4.8299 | I36: да | J36: -0.6614 | K36: =IF(J36>0,"прибыль",IF(J36<0,"убыток","ноль")) -> убыток | L36: =IF(C36="",L35,IF(J36<0,L35+1,0)) -> 1 | M36: -661.4 | N36: -13205.2 | O36: 59157.73
A37: 32 | B37: IS | C37: 2022-01-13 | D37: 2022-02-03 | E37: short | F37: 9129.15 | G37: 4.1689 | H37: 5.4498 | I37: да | J37: -1.20222 | K37: =IF(J37>0,"прибыль",IF(J37<0,"убыток","ноль")) -> убыток | L37: =IF(C37="",L36,IF(J37<0,L36+1,0)) -> 2 | M37: -1202.22 | N37: -10975.22 | O37: 48182.51
A38: 33 | B38: IS | C38: 2022-02-03 | D38: 2022-03-28 | E38: short | F38: 48339.55 | G38: 4.2727 | H38: 5.3505 | I38: да | J38: -1.00818 | K38: =IF(J38>0,"прибыль",IF(J38<0,"убыток","ноль")) -> убыток | L38: =IF(C38="",L37,IF(J38<0,L37+1,0)) -> 3 | M38: -1008.18 | N38: -48734.83 | O38: -552.33
A39: 34 | B39: IS | C39: 2022-03-28 | D39: 2022-04-19 | E39: long | F39: 16837.67 | G39: 5.5184 | H39: 7.1895 | I39: да | J39: 2.00814 | K39: =IF(J39>0,"прибыль",IF(J39<0,"убыток","ноль")) -> прибыль | L39: =IF(C39="",L38,IF(J39<0,L38+1,0)) -> 0 | M39: 2008.14 | N39: 33812.4 | O39: 33260.07
A40: 35 | B40: IS | C40: 2022-04-19 | D40: 2022-04-27 | E40: long | F40: 14484.62 | G40: 5.1807 | H40: 6.8356 | J40: 1.65456 | K40: =IF(J40>0,"прибыль",IF(J40<0,"убыток","ноль")) -> прибыль | L40: =IF(C40="",L39,IF(J40<0,L39+1,0)) -> 0 | M40: 1654.56 | N40: 23965.64 | O40: 57225.71
A41: 36 | B41: IS | C41: 2022-04-27 | D41: 2022-05-05 | E41: long | F41: 10194.65 | G41: 5.1807 | H41: 7.6313 | I41: да | J41: 2.26116 | K41: =IF(J41>0,"прибыль",IF(J41<0,"убыток","ноль")) -> прибыль | L41: =IF(C41="",L40,IF(J41<0,L40+1,0)) -> 0 | M41: 2261.16 | N41: 23051.78 | O41: 80277.49
A42: 37 | B42: IS | C42: 2022-05-05 | D42: 2022-06-15 | E42: long | F42: 8123.02 | G42: 6.2528 | H42: 7.4956 | I42: да | J42: 1.32974 | K42: =IF(J42>0,"прибыль",IF(J42<0,"убыток","ноль")) -> прибыль | L42: =IF(C42="",L41,IF(J42<0,L41+1,0)) -> 0 | M42: 1329.74 | N42: 10801.52 | O42: 91079.01
A43: 38 | B43: IS | C43: 2022-06-15 | D43: 2022-07-18 | E43: long | F43: 7561.6 | G43: 6.1583 | H43: 6.9714 | I43: да | J43: 0.48086 | K43: =IF(J43>0,"прибыль",IF(J43<0,"убыток","ноль")) -> прибыль | L43: =IF(C43="",L42,IF(J43<0,L42+1,0)) -> 0 | M43: 480.86 | N43: 3636.05 | O43: 94715.06
A44: 39 | B44: IS | C44: 2022-07-18 | D44: 2022-07-27 | E44: long | F44: 5993.27 | G44: 6.4899 | H44: 8.9693 | J44: 2.47894 | K44: =IF(J44>0,"прибыль",IF(J44<0,"убыток","ноль")) -> прибыль | L44: =IF(C44="",L43,IF(J44<0,L43+1,0)) -> 0 | M44: 2478.94 | N44: 14856.94 | O44: 109572.01
A45: 40 | B45: IS | C45: 2022-07-27 | D45: 2022-09-22 | E45: long | F45: 35154.03 | G45: 7.4344 | H45: 7.7564 | I45: да | J45: 0.73577 | K45: =IF(J45>0,"прибыль",IF(J45<0,"убыток","ноль")) -> прибыль | L45: =IF(C45="",L44,IF(J45<0,L44+1,0)) -> 0 | M45: 735.77 | N45: 25865.34 | O45: 135437.35
A46: 41 | B46: IS | C46: 2022-09-22 | D46: 2022-10-26 | E46: short | F46: 20380.38 | G46: 6.7438 | H46: 5.7217 | I46: да | J46: 1.56266 | K46: =IF(J46>0,"прибыль",IF(J46<0,"убыток","ноль")) -> прибыль | L46: =IF(C46="",L45,IF(J46<0,L45+1,0)) -> 0 | M46: 1562.66 | N46: 31847.71 | O46: 167285.06
A47: 42 | B47: IS | C47: 2022-10-26 | D47: 2022-11-08 | E47: short | F47: 38970.5 | G47: 7.2851 | H47: 6.7698 | I47: да | J47: 1.00998 | K47: =IF(J47>0,"прибыль",IF(J47<0,"убыток","ноль")) -> прибыль | L47: =IF(C47="",L46,IF(J47<0,L46+1,0)) -> 0 | M47: 1009.98 | N47: 39359.55 | O47: 206644.61
A48: 43 | B48: IS | C48: 2022-11-08 | D48: 2022-11-09 | E48: long | F48: 25768.67 | G48: 6.7698 | H48: 6.3749 | J48: -0.39559 | K48: =IF(J48>0,"прибыль",IF(J48<0,"убыток","ноль")) -> убыток | L48: =IF(C48="",L47,IF(J48<0,L47+1,0)) -> 1 | M48: -395.59 | N48: -10193.9 | O48: 196450.71
A49: 44 | B49: IS | C49: 2022-11-09 | D49: 2022-11-11 | E49: short | F49: 26614.28 | G49: 6.3749 | H49: 6.239 | J49: 0.1352 | K49: =IF(J49>0,"прибыль",IF(J49<0,"убыток","ноль")) -> прибыль | L49: =IF(C49="",L48,IF(J49<0,L48+1,0)) -> 0 | M49: 135.2 | N49: 3598.21 | O49: 200048.92
A50: 45 | B50: IS | C50: 2022-11-11 | D50: 2022-11-14 | E50: long | F50: 26718.92 | G50: 6.239 | H50: 6.0146 | J50: -0.22502 | K50: =IF(J50>0,"прибыль",IF(J50<0,"убыток","ноль")) -> убыток | L50: =IF(C50="",L49,IF(J50<0,L49+1,0)) -> 1 | M50: -225.02 | N50: -6012.42 | O50: 194036.5
A51: 46 | B51: IS | C51: 2022-11-14 | D51: 2022-12-16 | E51: short | F51: 9502.13 | G51: 6.0257 | H51: 6.8721 | I51: да | J51: -0.56916 | K51: =IF(J51>0,"прибыль",IF(J51<0,"убыток","ноль")) -> убыток | L51: =IF(C51="",L50,IF(J51<0,L50+1,0)) -> 2 | M51: -569.16 | N51: -5408.21 | O51: 188628.29
A52: 47 | B52: IS | C52: 2022-12-16 | D52: 2023-02-28 | E52: short | F52: 19432.42 | G52: 4.1384 | H52: 2.8047 | I52: да | J52: 2.02553 | K52: =IF(J52>0,"прибыль",IF(J52<0,"убыток","ноль")) -> прибыль | L52: =IF(C52="",L51,IF(J52<0,L51+1,0)) -> 0 | M52: 2025.53 | N52: 39360.87 | O52: 227989.16
A53: 48 | B53: IS | C53: 2023-02-28 | D53: 2023-04-18 | E53: short | F53: 31389.61 | G53: 3.1525 | H53: 2.3317 | I53: да | J53: 1.21326 | K53: =IF(J53>0,"прибыль",IF(J53<0,"убыток","ноль")) -> прибыль | L53: =IF(C53="",L52,IF(J53<0,L52+1,0)) -> 0 | M53: 1213.26 | N53: 38083.84 | O53: 266073
A54: 49 | B54: IS | C54: 2023-04-18 | D54: 2023-08-04 | E54: short | F54: 158462.28 | G54: 3.1599 | H54: 2.5909 | I54: да | J54: 0.79199 | K54: =IF(J54>0,"прибыль",IF(J54<0,"убыток","ноль")) -> прибыль | L54: =IF(C54="",L53,IF(J54<0,L53+1,0)) -> 0 | M54: 791.99 | N54: 125500.77 | O54: 391573.76
A55: 50 | B55: IS | C55: 2023-08-04 | D55: 2023-08-10 | E55: long | F55: 35445.9 | G55: 2.5909 | H55: 2.9751 | J55: 0.38404 | K55: =IF(J55>0,"прибыль",IF(J55<0,"убыток","ноль")) -> прибыль | L55: =IF(C55="",L54,IF(J55<0,L54+1,0)) -> 0 | M55: 384.04 | N55: 13612.8 | O55: 405186.56
A56: 51 | B56: IS | C56: 2023-08-10 | D56: 2023-08-28 | E56: long | F56: 113677.68 | G56: 2.5909 | H56: 2.616 | J56: 0.02492 | K56: =IF(J56>0,"прибыль",IF(J56<0,"убыток","ноль")) -> прибыль | L56: =IF(C56="",L55,IF(J56<0,L55+1,0)) -> 0 | M56: 24.92 | N56: 2833.2 | O56: 408019.76
A57: 52 | B57: IS | C57: 2023-08-28 | D57: 2023-08-29 | E57: short | F57: 112874.7 | G57: 2.616 | H57: 2.5839 | J57: 0.0319 | K57: =IF(J57>0,"прибыль",IF(J57<0,"убыток","ноль")) -> прибыль | L57: =IF(C57="",L56,IF(J57<0,L56+1,0)) -> 0 | M57: 31.9 | N57: 3601.17 | O57: 411620.94
A58: 53 | B58: IS | C58: 2023-08-29 | D58: 2023-09-07 | E58: long | F58: 106791.99 | G58: 2.5839 | H58: 2.536 | I58: да | J58: -0.16548 | K58: =IF(J58>0,"прибыль",IF(J58<0,"убыток","ноль")) -> убыток | L58: =IF(C58="",L57,IF(J58<0,L57+1,0)) -> 1 | M58: -165.48 | N58: -17671.98 | O58: 393948.96
A59: 54 | B59: IS | C59: 2023-09-07 | D59: 2023-09-08 | E59: short | F59: 139979.34 | G59: 2.536 | H59: 2.6269 | J59: -0.09123 | K59: =IF(J59>0,"прибыль",IF(J59<0,"убыток","ноль")) -> убыток | L59: =IF(C59="",L58,IF(J59<0,L58+1,0)) -> 2 | M59: -91.23 | N59: -12770.22 | O59: 381178.73
A60: 55 | B60: IS | C60: 2023-09-08 | D60: 2023-09-25 | E60: long | F60: 147180.61 | G60: 2.6269 | H60: 2.6506 | J60: 0.02345 | K60: =IF(J60>0,"прибыль",IF(J60<0,"убыток","ноль")) -> прибыль | L60: =IF(C60="",L59,IF(J60<0,L59+1,0)) -> 0 | M60: 23.45 | N60: 3450.9 | O60: 384629.64
A61: 56 | B61: IS | C61: 2023-09-25 | D61: 2023-09-27 | E61: short | F61: 127981.9 | G61: 2.6506 | H61: 2.6604 | J61: -0.01004 | K61: =IF(J61>0,"прибыль",IF(J61<0,"убыток","ноль")) -> убыток | L61: =IF(C61="",L60,IF(J61<0,L60+1,0)) -> 1 | M61: -10.04 | N61: -1285.4 | O61: 383344.24
A62: 57 | B62: IS | C62: 2023-09-27 | D62: 2023-11-01 | E62: long | F62: 27340.38 | G62: 2.6604 | H62: 3.5684 | I62: да | J62: 0.49462 | K62: =IF(J62>0,"прибыль",IF(J62<0,"убыток","ноль")) -> прибыль | L62: =IF(C62="",L61,IF(J62<0,L61+1,0)) -> 0 | M62: 494.62 | N62: 13523.1 | O62: 396867.33
A63: 58 | B63: IS | C63: 2023-11-01 | D63: 2023-11-08 | E63: long | F63: 82958.69 | G63: 3.0736 | H63: 3.2443 | J63: 0.17033 | K63: =IF(J63>0,"прибыль",IF(J63<0,"убыток","ноль")) -> прибыль | L63: =IF(C63="",L62,IF(J63<0,L62+1,0)) -> 0 | M63: 170.33 | N63: 14129.97 | O63: 410997.3
A64: 59 | B64: IS | C64: 2023-11-08 | D64: 2023-11-09 | E64: short | F64: 96874.08 | G64: 3.2443 | H64: 3.2367 | J64: 0.00732 | K64: =IF(J64>0,"прибыль",IF(J64<0,"убыток","ноль")) -> прибыль | L64: =IF(C64="",L63,IF(J64<0,L63+1,0)) -> 0 | M64: 7.32 | N64: 709.25 | O64: 411706.54
A65: 60 | B65: IS | C65: 2023-11-09 | D65: 2023-11-10 | E65: long | F65: 97490 | G65: 3.2367 | H65: 3.1375 | J65: -0.09952 | K65: =IF(J65>0,"прибыль",IF(J65<0,"убыток","ноль")) -> убыток | L65: =IF(C65="",L64,IF(J65<0,L64+1,0)) -> 1 | M65: -99.52 | N65: -9702.12 | O65: 402004.42
A66: 61 | B66: IS | C66: 2023-11-10 | D66: 2023-11-13 | E66: short | F66: 98989.92 | G66: 3.1375 | H66: 3.1995 | J66: -0.06238 | K66: =IF(J66>0,"прибыль",IF(J66<0,"убыток","ноль")) -> убыток | L66: =IF(C66="",L65,IF(J66<0,L65+1,0)) -> 2 | M66: -62.38 | N66: -6175.17 | O66: 395829.26
A67: 62 | B67: IS | C67: 2023-11-13 | D67: 2023-11-15 | E67: long | F67: 102808.51 | G67: 3.1995 | H67: 3.1472 | J67: -0.05258 | K67: =IF(J67>0,"прибыль",IF(J67<0,"убыток","ноль")) -> убыток | L67: =IF(C67="",L66,IF(J67<0,L66+1,0)) -> 3 | M67: -52.58 | N67: -5405.52 | O67: 390423.74
A68: 63 | B68: IS | C68: 2023-11-15 | D68: 2023-11-16 | E68: short | F68: 95011.03 | G68: 3.1472 | H68: 3.2009 | J68: -0.05394 | K68: =IF(J68>0,"прибыль",IF(J68<0,"убыток","ноль")) -> убыток | L68: =IF(C68="",L67,IF(J68<0,L67+1,0)) -> 4 | M68: -53.94 | N68: -5125.05 | O68: 385298.69
A69: 64 | B69: IS | C69: 2023-11-16 | D69: 2023-11-20 | E69: long | F69: 93565.96 | G69: 3.2009 | H69: 3.0145 | J69: -0.18668 | K69: =IF(J69>0,"прибыль",IF(J69<0,"убыток","ноль")) -> убыток | L69: =IF(C69="",L68,IF(J69<0,L68+1,0)) -> 5 | M69: -186.68 | N69: -17466.78 | O69: 367831.91
A70: 65 | B70: IS | C70: 2023-11-20 | D70: 2023-12-18 | E70: short | F70: 46349.22 | G70: 2.8054 | H70: 2.5309 | I70: да | J70: 0.33733 | K70: =IF(J70>0,"прибыль",IF(J70<0,"убыток","ноль")) -> прибыль | L70: =IF(C70="",L69,IF(J70<0,L69+1,0)) -> 0 | M70: 337.33 | N70: 15635.03 | O70: 383466.94
A71: 66 | B71: IS | C71: 2023-12-18 | D71: 2023-12-22 | E71: short | F71: 34598.58 | G71: 2.8687 | H71: 2.5838 | J71: 0.28471 | K71: =IF(J71>0,"прибыль",IF(J71<0,"убыток","ноль")) -> прибыль | L71: =IF(C71="",L70,IF(J71<0,L70+1,0)) -> 0 | M71: 284.71 | N71: 9850.71 | O71: 393317.65
A72: 67 | B72: IS | C72: 2023-12-22 | D72: 2024-01-05 | E72: short | F72: 29561.11 | G72: 2.8687 | H72: 2.8111 | I72: да | J72: -0.01232 | K72: =IF(J72>0,"прибыль",IF(J72<0,"убыток","ноль")) -> убыток | L72: =IF(C72="",L71,IF(J72<0,L71+1,0)) -> 1 | M72: -12.32 | N72: -364.15 | O72: 392953.49
A73: 68 | B73: IS | C73: 2024-01-05 | D73: 2024-01-12 | E73: short | F73: 86699.97 | G73: 2.7989 | H73: 3.1533 | J73: -0.35474 | K73: =IF(J73>0,"прибыль",IF(J73<0,"убыток","ноль")) -> убыток | L73: =IF(C73="",L72,IF(J73<0,L72+1,0)) -> 2 | M73: -354.74 | N73: -30756.07 | O73: 362197.42
A74: 69 | B74: IS | C74: 2024-01-12 | D74: 2024-01-17 | E74: long | F74: 86768.57 | G74: 3.1533 | H74: 2.8215 | J74: -0.3321 | K74: =IF(J74>0,"прибыль",IF(J74<0,"убыток","ноль")) -> убыток | L74: =IF(C74="",L73,IF(J74<0,L73+1,0)) -> 3 | M74: -332.1 | N74: -28815.86 | O74: 333381.56
A75: 70 | B75: IS | D75: 2024-04-25 | E75: short | F75: 185980.05 | H75: 3.043 | J75: 0.6001 | K75: =IF(J75>0,"прибыль",IF(J75<0,"убыток","ноль")) -> прибыль | L75: =IF(C75="",L74,IF(J75<0,L74+1,0)) -> 3 | M75: 600.1 | N75: 111607.16 | O75: 444988.72 | P75: позиция открыта на конец периода: переоценка по закрытию
A76: 71 | B76: OOS | C76: 2024-09-18 | D76: 2024-09-30 | E76: short | F76: 25541.8 | G76: 2.3225 | H76: 2.8989 | I76: да | J76: -0.46166 | K76: =IF(J76>0,"прибыль",IF(J76<0,"убыток","ноль")) -> убыток | L76: =IF(C76="",L75,IF(J76<0,L75+1,0)) -> 4 | M76: -461.66 | N76: -11791.64 | O76: 433197.08
A77: 72 | B77: OOS | C77: 2024-09-30 | D77: 2024-11-12 | E77: short | F77: 29894.99 | G77: 2.4377 | H77: 2.9619 | I77: да | J77: 0.08782 | K77: =IF(J77>0,"прибыль",IF(J77<0,"убыток","ноль")) -> прибыль | L77: =IF(C77="",L76,IF(J77<0,L76+1,0)) -> 0 | M77: 87.82 | N77: 2625.41 | O77: 435822.48
A78: 73 | B78: OOS | C78: 2024-11-12 | D78: 2024-11-21 | E78: short | F78: 76593.96 | G78: 3.05 | H78: 3.3215 | J78: -0.27182 | K78: =IF(J78>0,"прибыль",IF(J78<0,"убыток","ноль")) -> убыток | L78: =IF(C78="",L77,IF(J78<0,L77+1,0)) -> 1 | M78: -271.82 | N78: -20819.75 | O78: 415002.74
A79: 74 | B79: OOS | C79: 2024-11-21 | D79: 2024-11-25 | E79: long | F79: 62809.09 | G79: 3.3215 | H79: 3.3609 | J79: 0.03903 | K79: =IF(J79>0,"прибыль",IF(J79<0,"убыток","ноль")) -> прибыль | L79: =IF(C79="",L78,IF(J79<0,L78+1,0)) -> 0 | M79: 39.03 | N79: 2451.44 | O79: 417454.17
A80: 75 | B80: OOS | C80: 2024-11-25 | D80: 2024-11-27 | E80: short | F80: 61239.28 | G80: 3.3609 | H80: 3.3738 | I80: да | J80: -0.01818 | K80: =IF(J80>0,"прибыль",IF(J80<0,"убыток","ноль")) -> убыток | L80: =IF(C80="",L79,IF(J80<0,L79+1,0)) -> 1 | M80: -18.18 | N80: -1113.16 | O80: 416341.02
A81: 76 | B81: OOS | C81: 2024-11-27 | D81: 2024-11-28 | E81: long | F81: 59155.28 | G81: 3.3738 | H81: 3.2154 | J81: -0.15871 | K81: =IF(J81>0,"прибыль",IF(J81<0,"убыток","ноль")) -> убыток | L81: =IF(C81="",L80,IF(J81<0,L80+1,0)) -> 2 | M81: -158.71 | N81: -9388.54 | O81: 406952.48
A82: 77 | B82: OOS | C82: 2024-11-28 | D82: 2024-11-29 | E82: short | F82: 60338.11 | G82: 3.2154 | H82: 3.3297 | J82: -0.11466 | K82: =IF(J82>0,"прибыль",IF(J82<0,"убыток","ноль")) -> убыток | L82: =IF(C82="",L81,IF(J82<0,L81+1,0)) -> 3 | M82: -114.66 | N82: -6918.29 | O82: 400034.19
A83: 78 | B83: OOS | C83: 2024-11-29 | D83: 2024-12-02 | E83: long | F83: 0 | G83: 3.3297 | H83: 3.1767 | J83: -0.15314 | K83: =IF(J83>0,"прибыль",IF(J83<0,"убыток","ноль")) -> убыток | L83: =IF(C83="",L82,IF(J83<0,L82+1,0)) -> 4 | M83: -153.14 | N83: 0 | O83: 400034.19
A84: 79 | B84: OOS | C84: 2024-12-02 | D84: 2024-12-04 | E84: long | F84: 59880.11 | G84: 3.3297 | H84: 3.0455 | J84: -0.28455 | K84: =IF(J84>0,"прибыль",IF(J84<0,"убыток","ноль")) -> убыток | L84: =IF(C84="",L83,IF(J84<0,L83+1,0)) -> 5 | M84: -284.55 | N84: -17038.75 | O84: 382995.44
A85: 80 | B85: OOS | C85: 2024-12-04 | D85: 2024-12-05 | E85: short | F85: 60129.49 | G85: 3.0455 | H85: 3.0946 | J85: -0.04943 | K85: =IF(J85>0,"прибыль",IF(J85<0,"убыток","ноль")) -> убыток | L85: =IF(C85="",L84,IF(J85<0,L84+1,0)) -> 6 | M85: -49.43 | N85: -2972.47 | O85: 380022.97
A86: 81 | B86: OOS | C86: 2024-12-05 | D86: 2025-01-03 | E86: long | F86: 14245.47 | G86: 3.0946 | H86: 3.6566 | I86: да | J86: 0.82834 | K86: =IF(J86>0,"прибыль",IF(J86<0,"убыток","ноль")) -> прибыль | L86: =IF(C86="",L85,IF(J86<0,L85+1,0)) -> 0 | M86: 828.34 | N86: 11800.11 | O86: 391823.07
A87: 82 | B87: OOS | C87: 2025-01-03 | D87: 2025-01-08 | E87: long | F87: 10722.28 | G87: 2.828 | H87: 3.598 | J87: 0.76977 | K87: =IF(J87>0,"прибыль",IF(J87<0,"убыток","ноль")) -> прибыль | L87: =IF(C87="",L86,IF(J87<0,L86+1,0)) -> 0 | M87: 769.77 | N87: 8253.73 | O87: 400076.8
A88: 83 | B88: OOS | C88: 2025-01-08 | D88: 2025-02-20 | E88: long | F88: 10814.88 | G88: 2.9576 | H88: 4.352 | I88: да | J88: 1.60626 | K88: =IF(J88>0,"прибыль",IF(J88<0,"убыток","ноль")) -> прибыль | L88: =IF(C88="",L87,IF(J88<0,L87+1,0)) -> 0 | M88: 1606.26 | N88: 17371.47 | O88: 417448.28
A89: 84 | B89: OOS | C89: 2025-02-20 | D89: 2025-04-30 | E89: long | F89: 71239.28 | G89: 3.2372 | H89: 3.3682 | I89: да | J89: -0.19807 | K89: =IF(J89>0,"прибыль",IF(J89<0,"убыток","ноль")) -> убыток | L89: =IF(C89="",L88,IF(J89<0,L88+1,0)) -> 1 | M89: -198.07 | N89: -14110.49 | O89: 403337.79
A90: 85 | B90: OOS | C90: 2025-04-30 | D90: 2025-05-05 | E90: short | F90: 79293.32 | G90: 3.3682 | H90: 3.6703 | J90: -0.30242 | K90: =IF(J90>0,"прибыль",IF(J90<0,"убыток","ноль")) -> убыток | L90: =IF(C90="",L89,IF(J90<0,L89+1,0)) -> 2 | M90: -302.42 | N90: -23980.28 | O90: 379357.51
A91: 86 | B91: OOS | C91: 2025-05-05 | D91: 2025-05-06 | E91: long | F91: 64234.6 | G91: 3.6703 | H91: 3.6043 | J91: -0.06637 | K91: =IF(J91>0,"прибыль",IF(J91<0,"убыток","ноль")) -> убыток | L91: =IF(C91="",L90,IF(J91<0,L90+1,0)) -> 3 | M91: -66.37 | N91: -4263.44 | O91: 375094.07
A92: 87 | B92: OOS | C92: 2025-05-06 | D92: 2025-05-08 | E92: short | F92: 70004.95 | G92: 3.6043 | H92: 3.6407 | J92: -0.03676 | K92: =IF(J92>0,"прибыль",IF(J92<0,"убыток","ноль")) -> убыток | L92: =IF(C92="",L91,IF(J92<0,L91+1,0)) -> 4 | M92: -36.76 | N92: -2573.73 | O92: 372520.34
A93: 88 | B93: OOS | C93: 2025-05-08 | D93: 2025-05-12 | E93: long | F93: 0 | G93: 3.6407 | H93: 3.708 | J93: 0.06716 | K93: =IF(J93>0,"прибыль",IF(J93<0,"убыток","ноль")) -> прибыль | L93: =IF(C93="",L92,IF(J93<0,L92+1,0)) -> 0 | M93: 67.16 | N93: 0 | O93: 372520.34
A94: 89 | B94: OOS | C94: 2025-05-12 | D94: 2025-05-14 | E94: long | F94: 85480.81 | G94: 3.6518 | H94: 3.5947 | J94: -0.05756 | K94: =IF(J94>0,"прибыль",IF(J94<0,"убыток","ноль")) -> убыток | L94: =IF(C94="",L93,IF(J94<0,L93+1,0)) -> 1 | M94: -57.56 | N94: -4920.32 | O94: 367600.02
A95: 90 | B95: OOS | C95: 2025-05-14 | D95: 2025-05-15 | E95: short | F95: 86783.05 | G95: 3.5947 | H95: 3.471 | J95: 0.12327 | K95: =IF(J95>0,"прибыль",IF(J95<0,"убыток","ноль")) -> прибыль | L95: =IF(C95="",L94,IF(J95<0,L94+1,0)) -> 0 | M95: 123.27 | N95: 10697.5 | O95: 378297.52
A96: 91 | B96: OOS | C96: 2025-05-15 | D96: 2025-05-16 | E96: long | F96: 92083.19 | G96: 3.471 | H96: 3.3601 | J96: -0.11129 | K96: =IF(J96>0,"прибыль",IF(J96<0,"убыток","ноль")) -> убыток | L96: =IF(C96="",L95,IF(J96<0,L95+1,0)) -> 1 | M96: -111.29 | N96: -10247.62 | O96: 368049.9
A97: 92 | B97: OOS | C97: 2025-05-16 | D97: 2025-05-21 | E97: short | F97: 25503.79 | G97: 3.3601 | H97: 3.3706 | J97: -0.01073 | K97: =IF(J97>0,"прибыль",IF(J97<0,"убыток","ноль")) -> убыток | L97: =IF(C97="",L96,IF(J97<0,L96+1,0)) -> 2 | M97: -10.73 | N97: -273.61 | O97: 367776.28
A98: 93 | B98: OOS | C98: 2025-05-21 | D98: 2025-06-09 | E98: short | F98: 64988.04 | G98: 3.3601 | H98: 3.7601 | I98: да | J98: -0.24609 | K98: =IF(J98>0,"прибыль",IF(J98<0,"убыток","ноль")) -> убыток | L98: =IF(C98="",L97,IF(J98<0,L97+1,0)) -> 3 | M98: -246.09 | N98: -15992.73 | O98: 351783.56
A99: 94 | B99: OOS | C99: 2025-06-09 | D99: 2025-06-11 | E99: long | F99: 65718.29 | G99: 3.7601 | H99: 3.5282 | J99: -0.23226 | K99: =IF(J99>0,"прибыль",IF(J99<0,"убыток","ноль")) -> убыток | L99: =IF(C99="",L98,IF(J99<0,L98+1,0)) -> 4 | M99: -232.26 | N99: -15263.47 | O99: 336520.09
A100: 95 | B100: OOS | C100: 2025-06-11 | D100: 2025-06-13 | E100: short | F100: 0 | G100: 3.5282 | H100: 3.5386 | J100: -0.01061 | K100: =IF(J100>0,"прибыль",IF(J100<0,"убыток","ноль")) -> убыток | L100: =IF(C100="",L99,IF(J100<0,L99+1,0)) -> 5 | M100: -10.61 | N100: 0 | O100: 336520.09
A101: 96 | B101: OOS | C101: 2025-06-13 | D101: 2025-06-19 | E101: short | F101: 68056.33 | G101: 3.5282 | H101: 3.9919 | J101: -0.46414 | K101: =IF(J101>0,"прибыль",IF(J101<0,"убыток","ноль")) -> убыток | L101: =IF(C101="",L100,IF(J101<0,L100+1,0)) -> 6 | M101: -464.14 | N101: -31587.45 | O101: 304932.64
...

Sheet 7F_2_DualMA_BR
A1: 2 Dual Moving Average · BR · fast=20,slow=60
A2: Параметры: лучший Шарп в выборке. Издержки ~7 б.п. за оборот вычтены.
A3: Каждая строка — исход по порядку закрытия. Пункт — единица котировки (BR: 1 USD за баррель, NG: 1 USD за MMBtu); плюс — прибыль, минус — убыток.
A5: № | B5: период | C5: вход | D5: выход | E5: направление | F5: объём, ед. актива | G5: цена входа | H5: цена выхода | I5: через ролл | J5: результат, пунктов | K5: исход | L5: серия убыточных подряд | M5: результат, шагов цены | N5: результат, USD | O5: итог, USD | P5: примечание
A6: 1 | B6: IS | C6: 2012-03-15 | D6: 2012-04-24 | E6: long | F6: 7841.95 | G6: 123.889 | H6: 118.5931 | I6: да | J6: -4.05397 | K6: =IF(J6>0,"прибыль",IF(J6<0,"убыток","ноль")) -> убыток | L6: =IF(AND(C6<>"",J6<0),1,0) -> 1 | M6: -405.4 | N6: -31791.02 | O6: -31791.02
A7: 2 | B7: IS | C7: 2012-04-24 | D7: 2012-06-04 | E7: short | F7: 2449.33 | G7: 117.4575 | H7: 96.9713 | I7: да | J7: 15.38046 | K7: =IF(J7>0,"прибыль",IF(J7<0,"убыток","ноль")) -> прибыль | L7: =IF(C7="",L6,IF(J7<0,L6+1,0)) -> 0 | M7: 1538.05 | N7: 37671.91 | O7: 5880.89
A8: 3 | B8: IS | C8: 2012-06-04 | D8: 2012-06-25 | E8: short | F8: 1692.35 | G8: 112.3607 | H8: 90.9197 | I8: да | J8: 22.38723 | K8: =IF(J8>0,"прибыль",IF(J8<0,"убыток","ноль")) -> прибыль | L8: =IF(C8="",L7,IF(J8<0,L7+1,0)) -> 0 | M8: 2238.72 | N8: 37886.99 | O8: 43767.88
A9: 4 | B9: IS | C9: 2012-06-25 | D9: 2012-07-02 | E9: short | F9: 1465.1 | G9: 113.3115 | H9: 97.171 | J9: 16.13558 | K9: =IF(J9>0,"прибыль",IF(J9<0,"убыток","ноль")) -> прибыль | L9: =IF(C9="",L8,IF(J9<0,L8+1,0)) -> 0 | M9: 1613.56 | N9: 23640.17 | O9: 67408.05
A10: 5 | B10: IS | C10: 2012-07-02 | D10: 2012-07-30 | E10: short | F10: 4144.45 | G10: 113.3115 | H10: 106.6737 | I10: да | J10: 6.6478 | K10: =IF(J10>0,"прибыль",IF(J10<0,"убыток","ноль")) -> прибыль | L10: =IF(C10="",L9,IF(J10<0,L9+1,0)) -> 0 | M10: 664.78 | N10: 27551.47 | O10: 94959.52
A11: 6 | B11: IS | C11: 2012-07-30 | D11: 2012-09-20 | E11: long | F11: 3465.61 | G11: 110.9674 | H11: 107.7963 | I11: да | J11: -0.34778 | K11: =IF(J11>0,"прибыль",IF(J11<0,"убыток","ноль")) -> убыток | L11: =IF(C11="",L10,IF(J11<0,L10+1,0)) -> 1 | M11: -34.78 | N11: -1205.26 | O11: 93754.26
A12: 7 | B12: IS | C12: 2012-09-20 | D12: 2012-09-28 | E12: long | F12: 1514.88 | G12: 108.131 | H12: 112.2918 | J12: 4.15518 | K12: =IF(J12>0,"прибыль",IF(J12<0,"убыток","ноль")) -> прибыль | L12: =IF(C12="",L11,IF(J12<0,L11+1,0)) -> 0 | M12: 415.52 | N12: 6294.61 | O12: 100048.87
A13: 8 | B13: IS | C13: 2012-09-28 | D13: 2012-10-29 | E13: long | F13: 5003.41 | G13: 108.131 | H13: 109.2428 | I13: да | J13: 2.53865 | K13: =IF(J13>0,"прибыль",IF(J13<0,"убыток","ноль")) -> прибыль | L13: =IF(C13="",L12,IF(J13<0,L12+1,0)) -> 0 | M13: 253.86 | N13: 12701.9 | O13: 112750.77
A14: 9 | B14: IS | C14: 2012-10-29 | D14: 2012-11-07 | E14: short | F14: 3025.61 | G14: 108.8396 | H14: 110.8192 | J14: -1.99031 | K14: =IF(J14>0,"прибыль",IF(J14<0,"убыток","ноль")) -> убыток | L14: =IF(C14="",L13,IF(J14<0,L13+1,0)) -> 1 | M14: -199.03 | N14: -6021.9 | O14: 106728.88
A15: 10 | B15: IS | C15: 2012-11-07 | D15: 2012-12-04 | E15: short | F15: 5499.29 | G15: 108.8396 | H15: 110.8732 | I15: да | J15: -3.77257 | K15: =IF(J15>0,"прибыль",IF(J15<0,"убыток","ноль")) -> убыток | L15: =IF(C15="",L14,IF(J15<0,L14+1,0)) -> 2 | M15: -377.26 | N15: -20746.5 | O15: 85982.38
A16: 11 | B16: IS | C16: 2012-12-04 | D16: 2013-01-16 | E16: long | F16: 2135.35 | G16: 109.9905 | H16: 110.4083 | I16: да | J16: 1.52891 | K16: =IF(J16>0,"прибыль",IF(J16<0,"убыток","ноль")) -> прибыль | L16: =IF(C16="",L15,IF(J16<0,L15+1,0)) -> 0 | M16: 152.89 | N16: 3264.76 | O16: 89247.14
A17: 12 | B17: IS | C17: 2013-01-16 | D17: 2013-02-21 | E17: long | F17: 3436.81 | G17: 112.7547 | H17: 115.1254 | I17: да | J17: 2.44872 | K17: =IF(J17>0,"прибыль",IF(J17<0,"убыток","ноль")) -> прибыль | L17: =IF(C17="",L16,IF(J17<0,L16+1,0)) -> 0 | M17: 244.87 | N17: 8415.79 | O17: 97662.93
A18: 13 | B18: IS | C18: 2013-02-21 | D18: 2013-03-19 | E18: long | F18: 11593.73 | G18: 112.6589 | H18: 109.2263 | I18: да | J18: -3.9275 | K18: =IF(J18>0,"прибыль",IF(J18<0,"убыток","ноль")) -> убыток | L18: =IF(C18="",L17,IF(J18<0,L17+1,0)) -> 1 | M18: -392.75 | N18: -45534.4 | O18: 52128.53
A19: 14 | B19: IS | C19: 2013-03-19 | D19: 2013-04-04 | E19: short | F19: 3548.5 | G19: 108.9412 | H19: 107.3781 | J19: 1.55416 | K19: =IF(J19>0,"прибыль",IF(J19<0,"убыток","ноль")) -> прибыль | L19: =IF(C19="",L18,IF(J19<0,L18+1,0)) -> 0 | M19: 155.42 | N19: 5514.93 | O19: 57643.46
A20: 15 | B20: IS | C20: 2013-04-04 | D20: 2013-04-16 | E20: short | F20: 2188.67 | G20: 108.9412 | H20: 100.3583 | J20: 8.5779 | K20: =IF(J20>0,"прибыль",IF(J20<0,"убыток","ноль")) -> прибыль | L20: =IF(C20="",L19,IF(J20<0,L19+1,0)) -> 0 | M20: 857.79 | N20: 18774.18 | O20: 76417.64
A21: 16 | B21: IS | C21: 2013-04-16 | D21: 2013-06-13 | E21: short | F21: 2106.04 | G21: 107.7515 | H21: 103.2269 | I21: да | J21: 5.06932 | K21: =IF(J21>0,"прибыль",IF(J21<0,"убыток","ноль")) -> прибыль | L21: =IF(C21="",L20,IF(J21<0,L20+1,0)) -> 0 | M21: 506.93 | N21: 10676.16 | O21: 87093.79
A22: 17 | B22: IS | C22: 2013-06-13 | D22: 2013-07-17 | E22: short | F22: 8243.94 | G22: 108.3077 | H22: 109.4921 | I22: да | J22: 0.22734 | K22: =IF(J22>0,"прибыль",IF(J22<0,"убыток","ноль")) -> прибыль | L22: =IF(C22="",L21,IF(J22<0,L21+1,0)) -> 0 | M22: 22.73 | N22: 1874.21 | O22: 88968.01
A23: 18 | B23: IS | C23: 2013-07-17 | D23: 2013-08-28 | E23: long | F23: 4998.49 | G23: 109.4956 | H23: 114.261 | I23: да | J23: 6.38691 | K23: =IF(J23>0,"прибыль",IF(J23<0,"убыток","ноль")) -> прибыль | L23: =IF(C23="",L22,IF(J23<0,L22+1,0)) -> 0 | M23: 638.69 | N23: 31924.93 | O23: 120892.93
A24: 19 | B24: IS | C24: 2013-08-28 | D24: 2013-09-18 | E24: long | F24: 1763.73 | G24: 107.8624 | H24: 107.7106 | I24: да | J24: 2.18867 | K24: =IF(J24>0,"прибыль",IF(J24<0,"убыток","ноль")) -> прибыль | L24: =IF(C24="",L23,IF(J24<0,L23+1,0)) -> 0 | M24: 218.87 | N24: 3860.21 | O24: 124753.14
A25: 20 | B25: IS | C25: 2013-09-18 | D25: 2013-11-12 | E25: long | F25: 9306.95 | G25: 107.0364 | H25: 106.2561 | I25: да | J25: 1.09939 | K25: =IF(J25>0,"прибыль",IF(J25<0,"убыток","ноль")) -> прибыль | L25: =IF(C25="",L24,IF(J25<0,L24+1,0)) -> 0 | M25: 109.94 | N25: 10231.92 | O25: 134985.07
A26: 21 | B26: IS | C26: 2013-11-12 | D26: 2013-11-13 | E26: short | F26: 0 | G26: 106.2561 | H26: 106.0435 | J26: 0.20731 | K26: =IF(J26>0,"прибыль",IF(J26<0,"убыток","ноль")) -> прибыль | L26: =IF(C26="",L25,IF(J26<0,L25+1,0)) -> 0 | M26: 20.73 | N26: 0 | O26: 134985.07
A27: 22 | B27: IS | C27: 2013-11-13 | D27: 2013-12-02 | E27: short | F27: 7545.94 | G27: 106.2561 | H27: 110.1445 | I27: да | J27: -4.17346 | K27: =IF(J27>0,"прибыль",IF(J27<0,"убыток","ноль")) -> убыток | L27: =IF(C27="",L26,IF(J27<0,L26+1,0)) -> 1 | M27: -417.35 | N27: -31492.7 | O27: 103492.37
A28: 23 | B28: IS | C28: 2013-12-02 | D28: 2014-02-03 | E28: long | F28: 9458.43 | G28: 110.4454 | H28: 106.2731 | I28: да | J28: -1.73778 | K28: =IF(J28>0,"прибыль",IF(J28<0,"убыток","ноль")) -> убыток | L28: =IF(C28="",L27,IF(J28<0,L27+1,0)) -> 2 | M28: -173.78 | N28: -16436.7 | O28: 87055.67
A29: 24 | B29: IS | C29: 2014-02-03 | D29: 2014-02-10 | E29: short | F29: 2756.74 | G29: 106.1485 | H29: 109.4568 | J29: -3.32316 | K29: =IF(J29>0,"прибыль",IF(J29<0,"убыток","ноль")) -> убыток | L29: =IF(C29="",L28,IF(J29<0,L28+1,0)) -> 3 | M29: -332.32 | N29: -9161.11 | O29: 77894.57
A30: 25 | B30: IS | C30: 2014-02-10 | D30: 2014-02-25 | E30: short | F30: 10570.66 | G30: 106.1485 | H30: 110.6244 | I30: да | J30: -4.16518 | K30: =IF(J30>0,"прибыль",IF(J30<0,"убыток","ноль")) -> убыток | L30: =IF(C30="",L29,IF(J30<0,L29+1,0)) -> 4 | M30: -416.52 | N30: -44028.67 | O30: 33865.89
A31: 26 | B31: IS | C31: 2014-02-25 | D31: 2014-04-29 | E31: long | F31: 2363.77 | G31: 110.6244 | H31: 108.4061 | I31: да | J31: -0.73836 | K31: =IF(J31>0,"прибыль",IF(J31<0,"убыток","ноль")) -> убыток | L31: =IF(C31="",L30,IF(J31<0,L30+1,0)) -> 5 | M31: -73.84 | N31: -1745.31 | O31: 32120.59
A32: 27 | B32: IS | C32: 2014-04-29 | D32: 2014-06-16 | E32: long | F32: 7532.51 | G32: 109.4862 | H32: 113.2917 | I32: да | J32: 4.35851 | K32: =IF(J32>0,"прибыль",IF(J32<0,"убыток","ноль")) -> прибыль | L32: =IF(C32="",L31,IF(J32<0,L31+1,0)) -> 0 | M32: 435.85 | N32: 32830.48 | O32: 64951.07
A33: 28 | B33: IS | C33: 2014-06-16 | D33: 2014-07-22 | E33: long | F33: 12954.64 | G33: 108.5301 | H33: 107.7835 | I33: да | J33: -2.62631 | K33: =IF(J33>0,"прибыль",IF(J33<0,"убыток","ноль")) -> убыток | L33: =IF(C33="",L32,IF(J33<0,L32+1,0)) -> 1 | M33: -262.63 | N33: -34022.92 | O33: 30928.15
A34: 29 | B34: IS | C34: 2014-07-22 | D34: 2014-08-15 | E34: short | F34: 2873.15 | G34: 107.7835 | H34: 102.3138 | J34: 5.46461 | K34: =IF(J34>0,"прибыль",IF(J34<0,"убыток","ноль")) -> прибыль | L34: =IF(C34="",L33,IF(J34<0,L33+1,0)) -> 0 | M34: 546.46 | N34: 15700.67 | O34: 46628.82
A35: 30 | B35: IS | C35: 2014-08-15 | D35: 2014-10-15 | E35: short | F35: 3642.92 | G35: 103.7109 | H35: 85.2819 | I35: да | J35: 22.32035 | K35: =IF(J35>0,"прибыль",IF(J35<0,"убыток","ноль")) -> прибыль | L35: =IF(C35="",L34,IF(J35<0,L34+1,0)) -> 0 | M35: 2232.04 | N35: 81311.29 | O35: 127940.12
A36: 31 | B36: IS | C36: 2014-10-15 | D36: 2014-10-30 | E36: short | F36: 2029.61 | G36: 107.6108 | H36: 87.1156 | I36: да | J36: 22.706 | K36: =IF(J36>0,"прибыль",IF(J36<0,"убыток","ноль")) -> прибыль | L36: =IF(C36="",L35,IF(J36<0,L35+1,0)) -> 0 | M36: 2270.6 | N36: 46084.22 | O36: 174024.34
A37: 32 | B37: IS | C37: 2014-10-30 | D37: 2014-11-28 | E37: short | F37: 2204.07 | G37: 102.7889 | H37: 72.5912 | I37: да | J37: 32.56965 | K37: =IF(J37>0,"прибыль",IF(J37<0,"убыток","ноль")) -> прибыль | L37: =IF(C37="",L36,IF(J37<0,L36+1,0)) -> 0 | M37: 3256.96 | N37: 71785.9 | O37: 245810.24
A38: 33 | B38: IS | C38: 2014-11-28 | D38: 2014-12-24 | E38: short | F38: 1744.32 | G38: 105.1689 | H38: 61.657 | I38: да | J38: 45.61922 | K38: =IF(J38>0,"прибыль",IF(J38<0,"убыток","ноль")) -> прибыль | L38: =IF(C38="",L37,IF(J38<0,L37+1,0)) -> 0 | M38: 4561.92 | N38: 79574.37 | O38: 325384.61
A39: 34 | B39: IS | C39: 2014-12-24 | D39: 2015-02-03 | E39: short | F39: 2114.7 | G39: 95.9603 | H39: 55.0057 | I39: да | J39: 45.51806 | K39: =IF(J39>0,"прибыль",IF(J39<0,"убыток","ноль")) -> прибыль | L39: =IF(C39="",L38,IF(J39<0,L38+1,0)) -> 0 | M39: 4551.81 | N39: 96257.25 | O39: 421641.86
A40: 35 | B40: IS | C40: 2015-02-03 | D40: 2015-03-16 | E40: short | F40: 5987 | G40: 92.3668 | H40: 54.5425 | I40: да | J40: 44.54454 | K40: =IF(J40>0,"прибыль",IF(J40<0,"убыток","ноль")) -> прибыль | L40: =IF(C40="",L39,IF(J40<0,L39+1,0)) -> 0 | M40: 4454.45 | N40: 266688.18 | O40: 688330.04
A41: 36 | B41: IS | C41: 2015-03-16 | D41: 2015-03-17 | E41: long | F41: 6110.35 | G41: 54.5425 | H41: 53.2035 | J41: -1.34454 | K41: =IF(J41>0,"прибыль",IF(J41<0,"убыток","ноль")) -> убыток | L41: =IF(C41="",L40,IF(J41<0,L40+1,0)) -> 1 | M41: -134.45 | N41: -8215.59 | O41: 680114.46
A42: 37 | B42: IS | C42: 2015-03-17 | D42: 2015-04-07 | E42: short | F42: 1683.51 | G42: 53.2035 | H42: 57.941 | I42: да | J42: -4.98934 | K42: =IF(J42>0,"прибыль",IF(J42<0,"убыток","ноль")) -> убыток | L42: =IF(C42="",L41,IF(J42<0,L41+1,0)) -> 2 | M42: -498.93 | N42: -8399.63 | O42: 671714.83
A43: 38 | B43: IS | C43: 2015-04-07 | D43: 2015-04-28 | E43: short | F43: 5670.52 | G43: 54.119 | H43: 64.6107 | I43: да | J43: -7.56024 | K43: =IF(J43>0,"прибыль",IF(J43<0,"убыток","ноль")) -> убыток | L43: =IF(C43="",L42,IF(J43<0,L42+1,0)) -> 3 | M43: -756.02 | N43: -42870.46 | O43: 628844.37
A44: 39 | B44: IS | C44: 2015-04-28 | D44: 2015-06-23 | E44: long | F44: 7818.19 | G44: 65.1695 | H44: 63.2353 | I44: да | J44: -3.5246 | K44: =IF(J44>0,"прибыль",IF(J44<0,"убыток","ноль")) -> убыток | L44: =IF(C44="",L43,IF(J44<0,L43+1,0)) -> 4 | M44: -352.46 | N44: -27556.01 | O44: 601288.37
A45: 40 | B45: IS | C45: 2015-06-23 | D45: 2015-06-24 | E45: short | F45: 0 | G45: 63.2353 | H45: 64.5878 | J45: -1.35578 | K45: =IF(J45>0,"прибыль",IF(J45<0,"убыток","ноль")) -> убыток | L45: =IF(C45="",L44,IF(J45<0,L44+1,0)) -> 5 | M45: -135.58 | N45: 0 | O45: 601288.37
A46: 41 | B46: IS | C46: 2015-06-24 | D46: 2015-08-28 | E46: short | F46: 5088.76 | G46: 59.961 | H46: 47.5888 | I46: да | J46: 11.42065 | K46: =IF(J46>0,"прибыль",IF(J46<0,"убыток","ноль")) -> прибыль | L46: =IF(C46="",L45,IF(J46<0,L45+1,0)) -> 0 | M46: 1142.06 | N46: 58116.92 | O46: 659405.29
A47: 42 | B47: IS | C47: 2015-08-28 | D47: 2015-09-02 | E47: short | F47: 1396.2 | G47: 59.014 | H47: 48.7705 | J47: 10.24101 | K47: =IF(J47>0,"прибыль",IF(J47<0,"убыток","ноль")) -> прибыль | L47: =IF(C47="",L46,IF(J47<0,L46+1,0)) -> 0 | M47: 1024.1 | N47: 14298.54 | O47: 673703.83
A48: 43 | B48: IS | C48: 2015-09-02 | D48: 2016-01-22 | E48: short | F48: 2958.7 | G48: 47.9408 | H48: 29.6072 | I48: да | J48: 21.5752 | K48: =IF(J48>0,"прибыль",IF(J48<0,"убыток","ноль")) -> прибыль | L48: =IF(C48="",L47,IF(J48<0,L47+1,0)) -> 0 | M48: 2157.52 | N48: 63834.52 | O48: 737538.35
A49: 44 | B49: IS | C49: 2016-01-22 | D49: 2016-01-25 | E49: short | F49: 2110.83 | G49: 51.1899 | H49: 32.2216 | J49: 18.9667 | K49: =IF(J49>0,"прибыль",IF(J49<0,"убыток","ноль")) -> прибыль | L49: =IF(C49="",L48,IF(J49<0,L48+1,0)) -> 0 | M49: 1896.67 | N49: 40035.51 | O49: 777573.85
A50: 45 | B50: IS | C50: 2016-01-25 | D50: 2016-02-04 | E50: short | F50: 2067.18 | G50: 51.1899 | H50: 35.5734 | I50: да | J50: 14.68482 | K50: =IF(J50>0,"прибыль",IF(J50<0,"убыток","ноль")) -> прибыль | L50: =IF(C50="",L49,IF(J50<0,L49+1,0)) -> 0 | M50: 1468.48 | N50: 30356.19 | O50: 807930.04
A51: 46 | B51: IS | C51: 2016-02-04 | D51: 2016-02-29 | E51: short | F51: 6994.08 | G51: 46.908 | H51: 35.3191 | J51: 11.58506 | K51: =IF(J51>0,"прибыль",IF(J51<0,"убыток","ноль")) -> прибыль | L51: =IF(C51="",L50,IF(J51<0,L50+1,0)) -> 0 | M51: 1158.51 | N51: 81026.83 | O51: 888956.87
A52: 47 | B52: IS | C52: 2016-02-29 | D52: 2016-04-12 | E52: long | F52: 2552.12 | G52: 37.062 | H52: 42.7196 | I52: да | J52: 5.68169 | K52: =IF(J52>0,"прибыль",IF(J52<0,"убыток","ноль")) -> прибыль | L52: =IF(C52="",L51,IF(J52<0,L51+1,0)) -> 0 | M52: 568.17 | N52: 14500.36 | O52: 903457.23
A53: 48 | B53: IS | C53: 2016-04-12 | D53: 2016-06-20 | E53: long | F53: 4693.29 | G53: 41.4215 | H53: 49.2282 | I53: да | J53: 8.25205 | K53: =IF(J53>0,"прибыль",IF(J53<0,"убыток","ноль")) -> прибыль | L53: =IF(C53="",L52,IF(J53<0,L52+1,0)) -> 0 | M53: 825.2 | N53: 38729.22 | O53: 942186.45
A54: 49 | B54: IS | C54: 2016-06-20 | D54: 2016-06-29 | E54: long | F54: 2169.08 | G54: 40.9712 | H54: 48.6752 | J54: 7.70163 | K54: =IF(J54>0,"прибыль",IF(J54<0,"убыток","ноль")) -> прибыль | L54: =IF(C54="",L53,IF(J54<0,L53+1,0)) -> 0 | M54: 770.16 | N54: 16705.43 | O54: 958891.88
A55: 50 | B55: IS | C55: 2016-06-29 | D55: 2016-07-19 | E55: long | F55: 7643.45 | G55: 40.9712 | H55: 46.8418 | I55: да | J55: 5.26597 | K55: =IF(J55>0,"прибыль",IF(J55<0,"убыток","ноль")) -> прибыль | L55: =IF(C55="",L54,IF(J55<0,L54+1,0)) -> 0 | M55: 526.6 | N55: 40250.15 | O55: 999142.03
A56: 51 | B56: IS | C56: 2016-07-19 | D56: 2016-08-15 | E56: short | F56: 2619.1 | G56: 46.051 | H56: 47.2828 | I56: да | J56: -1.42281 | K56: =IF(J56>0,"прибыль",IF(J56<0,"убыток","ноль")) -> убыток | L56: =IF(C56="",L55,IF(J56<0,L55+1,0)) -> 1 | M56: -142.28 | N56: -3726.49 | O56: 995415.54
A57: 52 | B57: IS | C57: 2016-08-15 | D57: 2016-09-01 | E57: short | F57: 9582.67 | G57: 45.8666 | H57: 47.0229 | J57: -1.16105 | K57: =IF(J57>0,"прибыль",IF(J57<0,"убыток","ноль")) -> убыток | L57: =IF(C57="",L56,IF(J57<0,L56+1,0)) -> 2 | M57: -116.11 | N57: -11125.98 | O57: 984289.55
A58: 53 | B58: IS | C58: 2016-09-01 | D58: 2016-11-11 | E58: long | F58: 17106.61 | G58: 47.5838 | H58: 45.646 | I58: да | J58: -1.85691 | K58: =IF(J58>0,"прибыль",IF(J58<0,"убыток","ноль")) -> убыток | L58: =IF(C58="",L57,IF(J58<0,L57+1,0)) -> 3 | M58: -185.69 | N58: -31765.44 | O58: 952524.11
A59: 54 | B59: IS | C59: 2016-11-11 | D59: 2016-11-16 | E59: short | F59: 5252.36 | G59: 45.646 | H59: 47.1802 | J59: -1.53663 | K59: =IF(J59>0,"прибыль",IF(J59<0,"убыток","ноль")) -> убыток | L59: =IF(C59="",L58,IF(J59<0,L58+1,0)) -> 4 | M59: -153.66 | N59: -8070.95 | O59: 944453.16
A60: 55 | B60: IS | C60: 2016-11-16 | D60: 2016-12-01 | E60: short | F60: 4116.23 | G60: 45.646 | H60: 50.5328 | J60: -4.88939 | K60: =IF(J60>0,"прибыль",IF(J60<0,"убыток","ноль")) -> убыток | L60: =IF(C60="",L59,IF(J60<0,L59+1,0)) -> 5 | M60: -488.94 | N60: -20125.83 | O60: 924327.32
A61: 56 | B61: IS | C61: 2016-12-01 | D61: 2016-12-14 | E61: short | F61: 5584.41 | G61: 45.646 | H61: 56.2419 | I61: да | J61: -7.19153 | K61: =IF(J61>0,"прибыль",IF(J61<0,"убыток","ноль")) -> убыток | L61: =IF(C61="",L60,IF(J61<0,L60+1,0)) -> 6 | M61: -719.15 | N61: -40160.45 | O61: 884166.87
A62: 57 | B62: IS | C62: 2016-12-14 | D62: 2017-01-12 | E62: long | F62: 3160.89 | G62: 56.6279 | H62: 55.1288 | J62: -1.50857 | K62: =IF(J62>0,"прибыль",IF(J62<0,"убыток","ноль")) -> убыток | L62: =IF(C62="",L61,IF(J62<0,L61+1,0)) -> 7 | M62: -150.86 | N62: -4768.42 | O62: 879398.45
A63: 58 | B63: IS | C63: 2017-01-12 | D63: 2017-02-22 | E63: long | F63: 16168.78 | G63: 55.9249 | H63: 56.6927 | I63: да | J63: -0.1127 | K63: =IF(J63>0,"прибыль",IF(J63<0,"убыток","ноль")) -> убыток | L63: =IF(C63="",L62,IF(J63<0,L62+1,0)) -> 8 | M63: -11.27 | N63: -1822.24 | O63: 877576.21
A64: 59 | B64: IS | C64: 2017-02-22 | D64: 2017-03-10 | E64: short | F64: 4630.9 | G64: 56.6927 | H64: 52.6598 | I64: да | J64: 4.77478 | K64: =IF(J64>0,"прибыль",IF(J64<0,"убыток","ноль")) -> прибыль | L64: =IF(C64="",L63,IF(J64<0,L63+1,0)) -> 0 | M64: 477.48 | N64: 22111.52 | O64: 899687.72
A65: 60 | B65: IS | C65: 2017-03-10 | D65: 2017-05-16 | E65: short | F65: 3525.24 | G65: 56.5386 | H65: 51.8452 | I65: да | J65: 4.22439 | K65: =IF(J65>0,"прибыль",IF(J65<0,"убыток","ноль")) -> прибыль | L65: =IF(C65="",L64,IF(J65<0,L64+1,0)) -> 0 | M65: 422.44 | N65: 14891.99 | O65: 914579.72
A66: 61 | B66: IS | C66: 2017-05-16 | D66: 2017-05-29 | E66: short | F66: 2362.26 | G66: 56.0757 | H66: 52.3152 | J66: 3.75783 | K66: =IF(J66>0,"прибыль",IF(J66<0,"убыток","ноль")) -> прибыль | L66: =IF(C66="",L65,IF(J66<0,L65+1,0)) -> 0 | M66: 375.78 | N66: 8876.98 | O66: 923456.7
A67: 62 | B67: IS | C67: 2017-05-29 | D67: 2017-07-26 | E67: short | F67: 4274.53 | G67: 52.9233 | H67: 50.8658 | I67: да | J67: 3.95545 | K67: =IF(J67>0,"прибыль",IF(J67<0,"убыток","ноль")) -> прибыль | L67: =IF(C67="",L66,IF(J67<0,L66+1,0)) -> 0 | M67: 395.55 | N67: 16907.68 | O67: 940364.38
A68: 63 | B68: IS | C68: 2017-07-26 | D68: 2017-08-09 | E68: short | F68: 9434.04 | G68: 54.8263 | H68: 52.0278 | I68: да | J68: 1.45943 | K68: =IF(J68>0,"прибыль",IF(J68<0,"убыток","ноль")) -> прибыль | L68: =IF(C68="",L67,IF(J68<0,L67+1,0)) -> 0 | M68: 145.94 | N68: 13768.29 | O68: 954132.67
A69: 64 | B69: IS | C69: 2017-08-09 | D69: 2017-10-23 | E69: long | F69: 2859.24 | G69: 52.9431 | H69: 57.8302 | I69: да | J69: 5.83339 | K69: =IF(J69>0,"прибыль",IF(J69<0,"убыток","ноль")) -> прибыль | L69: =IF(C69="",L68,IF(J69<0,L68+1,0)) -> 0 | M69: 583.34 | N69: 16679.07 | O69: 970811.73
A70: 65 | B70: IS | C70: 2017-10-23 | D70: 2017-12-15 | E70: long | F70: 2958.92 | G70: 53.1511 | H70: 62.6497 | I70: да | J70: 10.36815 | K70: =IF(J70>0,"прибыль",IF(J70<0,"убыток","ноль")) -> прибыль | L70: =IF(C70="",L69,IF(J70<0,L69+1,0)) -> 0 | M70: 1036.82 | N70: 30678.57 | O70: 1001490.3
A71: 66 | B71: IS | C71: 2017-12-15 | D71: 2018-02-20 | E71: long | F71: 2854.47 | G71: 55.3867 | H71: 65.4766 | I71: да | J71: 9.43425 | K71: =IF(J71>0,"прибыль",IF(J71<0,"убыток","ноль")) -> прибыль | L71: =IF(C71="",L70,IF(J71<0,L70+1,0)) -> 0 | M71: 943.43 | N71: 26929.8 | O71: 1028420.1
A72: 67 | B72: IS | C72: 2018-02-20 | D72: 2018-02-26 | E72: long | F72: 10652.47 | G72: 56.0361 | H72: 66.1663 | J72: 10.12358 | K72: =IF(J72>0,"прибыль",IF(J72<0,"убыток","ноль")) -> прибыль | L72: =IF(C72="",L71,IF(J72<0,L71+1,0)) -> 0 | M72: 1012.36 | N72: 107841.12 | O72: 1136261.2
A73: 68 | B73: IS | C73: 2018-02-26 | D73: 2018-03-28 | E73: short | F73: 10895.59 | G73: 66.1663 | H73: 69.6303 | I73: да | J73: -5.00083 | K73: =IF(J73>0,"прибыль",IF(J73<0,"убыток","ноль")) -> убыток | L73: =IF(C73="",L72,IF(J73<0,L72+1,0)) -> 1 | M73: -500.08 | N73: -54486.99 | O73: 1081774.2
A74: 69 | B74: IS | C74: 2018-03-28 | D74: 2018-05-28 | E74: long | F74: 2787.36 | G74: 69.6303 | H74: 76.053 | I74: да | J74: 10.67379 | K74: =IF(J74>0,"прибыль",IF(J74<0,"убыток","ноль")) -> прибыль | L74: =IF(C74="",L73,IF(J74<0,L73+1,0)) -> 0 | M74: 1067.38 | N74: 29751.68 | O74: 1111525.9
A75: 70 | B75: IS | C75: 2018-05-28 | D75: 2018-07-12 | E75: long | F75: 1866.47 | G75: 65.3754 | H75: 73.9556 | I75: да | J75: 11.02742 | K75: =IF(J75>0,"прибыль",IF(J75<0,"убыток","ноль")) -> прибыль | L75: =IF(C75="",L74,IF(J75<0,L74+1,0)) -> 0 | M75: 1102.74 | N75: 20582.38 | O75: 1132108.3
A76: 71 | B76: IS | C76: 2018-07-12 | D76: 2018-08-02 | E76: long | F76: 5813.91 | G76: 62.9245 | H76: 72.3904 | I76: да | J76: 10.95802 | K76: =IF(J76>0,"прибыль",IF(J76<0,"убыток","ноль")) -> прибыль | L76: =IF(C76="",L75,IF(J76<0,L75+1,0)) -> 0 | M76: 1095.8 | N76: 63708.97 | O76: 1195817.3
A77: 72 | B77: IS | C77: 2018-08-02 | D77: 2018-08-23 | E77: short | F77: 11898.27 | G77: 72.4271 | H77: 74.8498 | J77: -2.43104 | K77: =IF(J77>0,"прибыль",IF(J77<0,"убыток","ноль")) -> убыток | L77: =IF(C77="",L76,IF(J77<0,L76+1,0)) -> 1 | M77: -243.1 | N77: -28925.13 | O77: 1166892.1
A78: 73 | B78: IS | C78: 2018-08-23 | D78: 2018-09-25 | E78: long | F78: 2466.1 | G78: 75.5844 | H78: 81.4157 | I78: да | J78: 5.18941 | K78: =IF(J78>0,"прибыль",IF(J78<0,"убыток","ноль")) -> прибыль | L78: =IF(C78="",L77,IF(J78<0,L77+1,0)) -> 0 | M78: 518.94 | N78: 12797.6 | O78: 1179689.7
A79: 74 | B79: IS | C79: 2018-09-25 | D79: 2018-10-26 | E79: long | F79: 1942.68 | G79: 76.2189 | H79: 76.6517 | I79: да | J79: -1.82033 | K79: =IF(J79>0,"прибыль",IF(J79<0,"убыток","ноль")) -> убыток | L79: =IF(C79="",L78,IF(J79<0,L78+1,0)) -> 1 | M79: -182.03 | N79: -3536.32 | O79: 1176153.4
A80: 75 | B80: IS | C80: 2018-10-26 | D80: 2018-11-02 | E80: long | F80: 7399.07 | G80: 78.4682 | H80: 72.7683 | I80: да | J80: -2.95323 | K80: =IF(J80>0,"прибыль",IF(J80<0,"убыток","ноль")) -> убыток | L80: =IF(C80="",L79,IF(J80<0,L79+1,0)) -> 2 | M80: -295.32 | N80: -21851.14 | O80: 1154302.2
A81: 76 | B81: IS | C81: 2018-11-02 | D81: 2018-11-15 | E81: short | F81: 2154.43 | G81: 72.172 | H81: 66.3547 | J81: 5.81145 | K81: =IF(J81>0,"прибыль",IF(J81<0,"убыток","ноль")) -> прибыль | L81: =IF(C81="",L80,IF(J81<0,L80+1,0)) -> 0 | M81: 581.15 | N81: 12520.36 | O81: 1166822.6
A82: 77 | B82: IS | C82: 2018-11-15 | D82: 2018-12-27 | E82: short | F82: 4216.34 | G82: 66.6964 | H82: 55.0112 | I82: да | J82: 15.4773 | K82: =IF(J82>0,"прибыль",IF(J82<0,"убыток","ноль")) -> прибыль | L82: =IF(C82="",L81,IF(J82<0,L81+1,0)) -> 0 | M82: 1547.73 | N82: 65257.52 | O82: 1232080.1
A83: 78 | B83: IS | C83: 2018-12-27 | D83: 2019-02-20 | E83: short | F83: 10109.88 | G83: 62.9028 | H83: 66.542 | I83: да | J83: 1.92675 | K83: =IF(J83>0,"прибыль",IF(J83<0,"убыток","ноль")) -> прибыль | L83: =IF(C83="",L82,IF(J83<0,L82+1,0)) -> 0 | M83: 192.67 | N83: 19479.17 | O83: 1251559.3
A84: 79 | B84: IS | C84: 2019-02-20 | D84: 2019-02-21 | E84: long | F84: 0 | G84: 66.542 | H84: 67.0079 | J84: 0.46256 | K84: =IF(J84>0,"прибыль",IF(J84<0,"убыток","ноль")) -> прибыль | L84: =IF(C84="",L83,IF(J84<0,L83+1,0)) -> 0 | M84: 46.26 | N84: 0 | O84: 1251559.3
A85: 80 | B85: IS | C85: 2019-02-21 | D85: 2019-04-23 | E85: long | F85: 3826.54 | G85: 67.2508 | H85: 74.1151 | I85: да | J85: 7.0985 | K85: =IF(J85>0,"прибыль",IF(J85<0,"убыток","ноль")) -> прибыль | L85: =IF(C85="",L84,IF(J85<0,L84+1,0)) -> 0 | M85: 709.85 | N85: 27162.69 | O85: 1278722
A86: 81 | B86: IS | C86: 2019-04-23 | D86: 2019-04-29 | E86: long | F86: 3795.52 | G86: 67.0066 | H86: 71.534 | J86: 4.52378 | K86: =IF(J86>0,"прибыль",IF(J86<0,"убыток","ноль")) -> прибыль | L86: =IF(C86="",L85,IF(J86<0,L85+1,0)) -> 0 | M86: 452.38 | N86: 17170.06 | O86: 1295892.1
A87: 82 | B87: IS | C87: 2019-04-29 | D87: 2019-05-24 | E87: long | F87: 2473.12 | G87: 67.0066 | H87: 67.8937 | I87: да | J87: 3.00982 | K87: =IF(J87>0,"прибыль",IF(J87<0,"убыток","ноль")) -> прибыль | L87: =IF(C87="",L86,IF(J87<0,L86+1,0)) -> 0 | M87: 300.98 | N87: 7443.63 | O87: 1303335.7
A88: 83 | B88: IS | C88: 2019-05-24 | D88: 2019-06-11 | E88: long | F88: 8837.03 | G88: 64.8805 | H88: 62.2885 | I88: да | J88: 1.03697 | K88: =IF(J88>0,"прибыль",IF(J88<0,"убыток","ноль")) -> прибыль | L88: =IF(C88="",L87,IF(J88<0,L87+1,0)) -> 0 | M88: 103.7 | N88: 9163.7 | O88: 1312499.4
A89: 84 | B89: IS | C89: 2019-06-11 | D89: 2019-07-15 | E89: short | F89: 9630.51 | G89: 63.1676 | H89: 66.9077 | I89: да | J89: -5.05777 | K89: =IF(J89>0,"прибыль",IF(J89<0,"убыток","ноль")) -> убыток | L89: =IF(C89="",L88,IF(J89<0,L88+1,0)) -> 1 | M89: -505.78 | N89: -48708.95 | O89: 1263790.4
A90: 85 | B90: IS | C90: 2019-07-15 | D90: 2019-08-29 | E90: long | F90: 10571.82 | G90: 66.5792 | H90: 60.3502 | I90: да | J90: -2.10974 | K90: =IF(J90>0,"прибыль",IF(J90<0,"убыток","ноль")) -> убыток | L90: =IF(C90="",L89,IF(J90<0,L89+1,0)) -> 2 | M90: -210.97 | N90: -22303.77 | O90: 1241486.7
A91: 86 | B91: IS | C91: 2019-08-29 | D91: 2019-09-06 | E91: short | F91: 9280.53 | G91: 60.3502 | H91: 60.8396 | I91: да | J91: -2.25404 | K91: =IF(J91>0,"прибыль",IF(J91<0,"убыток","ноль")) -> убыток | L91: =IF(C91="",L90,IF(J91<0,L90+1,0)) -> 3 | M91: -225.4 | N91: -20918.65 | O91: 1220568
A92: 87 | B92: IS | C92: 2019-09-06 | D92: 2019-09-17 | E92: long | F92: 4717.78 | G92: 60.8396 | H92: 67.8224 | J92: 6.97938 | K92: =IF(J92>0,"прибыль",IF(J92<0,"убыток","ноль")) -> прибыль | L92: =IF(C92="",L91,IF(J92<0,L91+1,0)) -> 0 | M92: 697.94 | N92: 32927.2 | O92: 1253495.2
A93: 88 | B93: IS | C93: 2019-09-17 | D93: 2019-11-21 | E93: long | F93: 2791.79 | G93: 61.0607 | H93: 62.389 | I93: да | J93: 1.33741 | K93: =IF(J93>0,"прибыль",IF(J93<0,"убыток","ноль")) -> прибыль | L93: =IF(C93="",L92,IF(J93<0,L92+1,0)) -> 0 | M93: 133.74 | N93: 3733.76 | O93: 1257229
A94: 89 | B94: IS | C94: 2019-11-21 | D94: 2020-01-09 | E94: long | F94: 4118.55 | G94: 63.4087 | H94: 66.0107 | I94: да | J94: 5.63195 | K94: =IF(J94>0,"прибыль",IF(J94<0,"убыток","ноль")) -> прибыль | L94: =IF(C94="",L93,IF(J94<0,L93+1,0)) -> 0 | M94: 563.19 | N94: 23195.43 | O94: 1280424.4
A95: 90 | B95: IS | C95: 2020-01-09 | D95: 2020-02-06 | E95: long | F95: 12662.54 | G95: 60.372 | H95: 55.547 | I95: да | J95: -0.74279 | K95: =IF(J95>0,"прибыль",IF(J95<0,"убыток","ноль")) -> убыток | L95: =IF(C95="",L94,IF(J95<0,L94+1,0)) -> 1 | M95: -74.28 | N95: -9405.58 | O95: 1271018.8
A96: 91 | B96: IS | C96: 2020-02-06 | D96: 2020-02-13 | E96: short | F96: 3096.24 | G96: 55.547 | H96: 56.1846 | J96: -0.64038 | K96: =IF(J96>0,"прибыль",IF(J96<0,"убыток","ноль")) -> убыток | L96: =IF(C96="",L95,IF(J96<0,L95+1,0)) -> 2 | M96: -64.04 | N96: -1982.77 | O96: 1269036.1
A97: 92 | B97: IS | C97: 2020-02-13 | D97: 2020-03-10 | E97: short | F97: 2443.1 | G97: 55.547 | H97: 45.2808 | I97: да | J97: 12.54215 | K97: =IF(J97>0,"прибыль",IF(J97<0,"убыток","ноль")) -> прибыль | L97: =IF(C97="",L96,IF(J97<0,L96+1,0)) -> 0 | M97: 1254.21 | N97: 30641.71 | O97: 1299677.8
A98: 93 | B98: IS | C98: 2020-03-10 | D98: 2020-03-11 | E98: short | F98: 1502.08 | G98: 57.8253 | H98: 37.8975 | J98: 19.92591 | K98: =IF(J98>0,"прибыль",IF(J98<0,"убыток","ноль")) -> прибыль | L98: =IF(C98="",L97,IF(J98<0,L97+1,0)) -> 0 | M98: 1992.59 | N98: 29930.35 | O98: 1329608.1
A99: 94 | B99: IS | C99: 2020-03-11 | D99: 2020-04-03 | E99: short | F99: 1680.47 | G99: 51.0816 | H99: 29.8391 | I99: да | J99: 28.08845 | K99: =IF(J99>0,"прибыль",IF(J99<0,"убыток","ноль")) -> прибыль | L99: =IF(C99="",L98,IF(J99<0,L98+1,0)) -> 0 | M99: 2808.84 | N99: 47201.81 | O99: 1376809.9
A100: 95 | B100: IS | C100: 2020-04-03 | D100: 2020-04-06 | E100: short | F100: 1289.19 | G100: 57.9299 | H100: 35.2874 | J100: 22.64072 | K100: =IF(J100>0,"прибыль",IF(J100<0,"убыток","ноль")) -> прибыль | L100: =IF(C100="",L99,IF(J100<0,L99+1,0)) -> 0 | M100: 2264.07 | N100: 29188.18 | O100: 1405998.1
A101: 96 | B101: IS | C101: 2020-04-06 | D101: 2020-05-19 | E101: short | F101: 1101.06 | G101: 47.3826 | H101: 35.61 | I101: да | J101: 17.03538 | K101: =IF(J101>0,"прибыль",IF(J101<0,"убыток","ноль")) -> прибыль | L101: =IF(C101="",L100,IF(J101<0,L100+1,0)) -> 0 | M101: 1703.54 | N101: 18757.05 | O101: 1424755.2
...

Sheet 7F_2_DualMA_NG
A1: 2 Dual Moving Average · NG · fast=20,slow=150
A2: Параметры: лучший Шарп в выборке. Издержки ~7 б.п. за оборот вычтены.
A3: Каждая строка — исход по порядку закрытия. Пункт — единица котировки (BR: 1 USD за баррель, NG: 1 USD за MMBtu); плюс — прибыль, минус — убыток.
A5: № | B5: период | C5: вход | D5: выход | E5: направление | F5: объём, ед. актива | G5: цена входа | H5: цена выхода | I5: через ролл | J5: результат, пунктов | K5: исход | L5: серия убыточных подряд | M5: результат, шагов цены | N5: результат, USD | O5: итог, USD | P5: примечание
A6: 1 | B6: IS | C6: 2020-09-09 | D6: 2020-09-24 | E6: long | F6: 52934.52 | G6: 2.3625 | H6: 2.1916 | J6: -0.17125 | K6: =IF(J6>0,"прибыль",IF(J6<0,"убыток","ноль")) -> убыток | L6: =IF(AND(C6<>"",J6<0),1,0) -> 1 | M6: -171.25 | N6: -9065.19 | O6: -9065.19
A7: 2 | B7: IS | C7: 2020-09-24 | D7: 2020-09-29 | E7: long | F7: 52668.62 | G7: 2.3625 | H7: 2.7587 | I7: да | J7: -0.30022 | K7: =IF(J7>0,"прибыль",IF(J7<0,"убыток","ноль")) -> убыток | L7: =IF(C7="",L6,IF(J7<0,L6+1,0)) -> 2 | M7: -300.22 | N7: -15812.25 | O7: -24877.44
A8: 3 | B8: IS | C8: 2020-09-29 | D8: 2021-02-05 | E8: short | F8: 24337.48 | G8: 2.7072 | H8: 2.9746 | I8: да | J8: 0.38633 | K8: =IF(J8>0,"прибыль",IF(J8<0,"убыток","ноль")) -> прибыль | L8: =IF(C8="",L7,IF(J8<0,L7+1,0)) -> 0 | M8: 386.33 | N8: 9402.24 | O8: -15475.2
A9: 4 | B9: IS | C9: 2021-02-05 | D9: 2021-05-19 | E9: short | F9: 52265.53 | G9: 2.967 | H9: 3.0068 | I9: да | J9: 0.05664 | K9: =IF(J9>0,"прибыль",IF(J9<0,"убыток","ноль")) -> прибыль | L9: =IF(C9="",L8,IF(J9<0,L8+1,0)) -> 0 | M9: 56.64 | N9: 2960.28 | O9: -12514.92
A10: 5 | B10: IS | C10: 2021-05-19 | D10: 2021-06-02 | E10: short | F10: 153353.78 | G10: 3.0639 | H10: 3.0957 | I10: да | J10: 0.07835 | K10: =IF(J10>0,"прибыль",IF(J10<0,"убыток","ноль")) -> прибыль | L10: =IF(C10="",L9,IF(J10<0,L9+1,0)) -> 0 | M10: 78.35 | N10: 12015.83 | O10: -499.09
A11: 6 | B11: IS | C11: 2021-06-02 | D11: 2021-07-07 | E11: long | F11: 37265.92 | G11: 3.0957 | H11: 3.6742 | I11: да | J11: 0.50749 | K11: =IF(J11>0,"прибыль",IF(J11<0,"убыток","ноль")) -> прибыль | L11: =IF(C11="",L10,IF(J11<0,L10+1,0)) -> 0 | M11: 507.49 | N11: 18912.19 | O11: 18413.1
A12: 7 | B12: IS | C12: 2021-07-07 | D12: 2021-08-27 | E12: long | F12: 35905.63 | G12: 3.1665 | H12: 4.1776 | I12: да | J12: 1.03719 | K12: =IF(J12>0,"прибыль",IF(J12<0,"убыток","ноль")) -> прибыль | L12: =IF(C12="",L11,IF(J12<0,L11+1,0)) -> 0 | M12: 1037.19 | N12: 37241.14 | O12: 55654.24
A13: 8 | B13: IS | C13: 2021-08-27 | D13: 2021-09-09 | E13: long | F13: 21144.41 | G13: 3.1402 | H13: 4.9153 | I13: да | J13: 1.60903 | K13: =IF(J13>0,"прибыль",IF(J13<0,"убыток","ноль")) -> прибыль | L13: =IF(C13="",L12,IF(J13<0,L12+1,0)) -> 0 | M13: 1609.03 | N13: 34022.01 | O13: 89676.25
A14: 9 | B14: IS | C14: 2021-09-09 | D14: 2021-09-28 | E14: long | F14: 19974.59 | G14: 3.306 | H14: 5.6948 | J14: 2.38849 | K14: =IF(J14>0,"прибыль",IF(J14<0,"убыток","ноль")) -> прибыль | L14: =IF(C14="",L13,IF(J14<0,L13+1,0)) -> 0 | M14: 2388.49 | N14: 47709.19 | O14: 137385.44
A15: 10 | B15: IS | C15: 2021-09-28 | D15: 2021-10-05 | E15: long | F15: 9538.47 | G15: 3.306 | H15: 5.8046 | I15: да | J15: 2.43681 | K15: =IF(J15>0,"прибыль",IF(J15<0,"убыток","ноль")) -> прибыль | L15: =IF(C15="",L14,IF(J15<0,L14+1,0)) -> 0 | M15: 2436.81 | N15: 23243.42 | O15: 160628.86
A16: 11 | B16: IS | C16: 2021-10-05 | D16: 2021-10-26 | E16: long | F16: 6815.96 | G16: 3.3675 | H16: 5.9809 | J16: 2.61319 | K16: =IF(J16>0,"прибыль",IF(J16<0,"убыток","ноль")) -> прибыль | L16: =IF(C16="",L15,IF(J16<0,L15+1,0)) -> 0 | M16: 2613.19 | N16: 17811.37 | O16: 178440.23
A17: 12 | B17: IS | C17: 2021-10-26 | D17: 2021-12-09 | E17: long | F17: 43228.55 | G17: 3.9017 | H17: 3.8056 | I17: да | J17: -0.53342 | K17: =IF(J17>0,"прибыль",IF(J17<0,"убыток","ноль")) -> убыток | L17: =IF(C17="",L16,IF(J17<0,L16+1,0)) -> 1 | M17: -533.42 | N17: -23058.88 | O17: 155381.35
A18: 13 | B18: IS | C18: 2021-12-09 | D18: 2022-01-13 | E18: short | F18: 26391.71 | G18: 3.7763 | H18: 4.8299 | I18: да | J18: -1.24305 | K18: =IF(J18>0,"прибыль",IF(J18<0,"убыток","ноль")) -> убыток | L18: =IF(C18="",L17,IF(J18<0,L17+1,0)) -> 2 | M18: -1243.05 | N18: -32806.1 | O18: 122575.24
A19: 14 | B19: IS | C19: 2022-01-13 | D19: 2022-02-03 | E19: short | F19: 9129.15 | G19: 3.5872 | H19: 5.4498 | I19: да | J19: -1.79496 | K19: =IF(J19>0,"прибыль",IF(J19<0,"убыток","ноль")) -> убыток | L19: =IF(C19="",L18,IF(J19<0,L18+1,0)) -> 3 | M19: -1794.96 | N19: -16386.46 | O19: 106188.79
A20: 15 | B20: IS | C20: 2022-02-03 | D20: 2022-04-01 | E20: short | F20: 51490.51 | G20: 3.9085 | H20: 5.4655 | I20: да | J20: -1.73654 | K20: =IF(J20>0,"прибыль",IF(J20<0,"убыток","ноль")) -> убыток | L20: =IF(C20="",L19,IF(J20<0,L19+1,0)) -> 4 | M20: -1736.54 | N20: -89415.09 | O20: 16773.7
A21: 16 | B21: IS | C21: 2022-04-01 | D21: 2022-04-19 | E21: long | F21: 16837.67 | G21: 5.5159 | H21: 7.1895 | J21: 1.67296 | K21: =IF(J21>0,"прибыль",IF(J21<0,"убыток","ноль")) -> прибыль | L21: =IF(C21="",L20,IF(J21<0,L20+1,0)) -> 0 | M21: 1672.96 | N21: 28168.8 | O21: 44942.49
A22: 17 | B22: IS | C22: 2022-04-19 | D22: 2022-04-27 | E22: long | F22: 14484.62 | G22: 5.5159 | H22: 6.8356 | J22: 1.31934 | K22: =IF(J22>0,"прибыль",IF(J22<0,"убыток","ноль")) -> прибыль | L22: =IF(C22="",L21,IF(J22<0,L21+1,0)) -> 0 | M22: 1319.34 | N22: 19110.09 | O22: 64052.58
A23: 18 | B23: IS | C23: 2022-04-27 | D23: 2022-05-05 | E23: long | F23: 10194.65 | G23: 5.5159 | H23: 7.6313 | I23: да | J23: 1.91371 | K23: =IF(J23>0,"прибыль",IF(J23<0,"убыток","ноль")) -> прибыль | L23: =IF(C23="",L22,IF(J23<0,L22+1,0)) -> 0 | M23: 1913.71 | N23: 19509.59 | O23: 83562.17
A24: 19 | B24: IS | C24: 2022-05-05 | D24: 2022-06-15 | E24: long | F24: 8123.02 | G24: 6.5125 | H24: 7.4956 | I24: да | J24: 1.07365 | K24: =IF(J24>0,"прибыль",IF(J24<0,"убыток","ноль")) -> прибыль | L24: =IF(C24="",L23,IF(J24<0,L23+1,0)) -> 0 | M24: 1073.65 | N24: 8721.29 | O24: 92283.47
A25: 20 | B25: IS | C25: 2022-06-15 | D25: 2022-07-18 | E25: long | F25: 7561.6 | G25: 6.3663 | H25: 6.9714 | I25: да | J25: 0.26174 | K25: =IF(J25>0,"прибыль",IF(J25<0,"убыток","ноль")) -> прибыль | L25: =IF(C25="",L24,IF(J25<0,L24+1,0)) -> 0 | M25: 261.74 | N25: 1979.16 | O25: 94262.62
A26: 21 | B26: IS | C26: 2022-07-18 | D26: 2022-07-27 | E26: long | F26: 5993.27 | G26: 6.7091 | H26: 8.9693 | J26: 2.25982 | K26: =IF(J26>0,"прибыль",IF(J26<0,"убыток","ноль")) -> прибыль | L26: =IF(C26="",L25,IF(J26<0,L25+1,0)) -> 0 | M26: 2259.82 | N26: 13543.7 | O26: 107806.32
A27: 22 | B27: IS | C27: 2022-07-27 | D27: 2022-10-11 | E27: long | F27: 32541.69 | G27: 7.5788 | H27: 6.6212 | I27: да | J27: -1.11019 | K27: =IF(J27>0,"прибыль",IF(J27<0,"убыток","ноль")) -> убыток | L27: =IF(C27="",L26,IF(J27<0,L26+1,0)) -> 1 | M27: -1110.19 | N27: -36127.37 | O27: 71678.95
A28: 23 | B28: IS | C28: 2022-10-11 | D28: 2022-10-26 | E28: short | F28: 20380.38 | G28: 6.3778 | H28: 5.7217 | J28: 0.6554 | K28: =IF(J28>0,"прибыль",IF(J28<0,"убыток","ноль")) -> прибыль | L28: =IF(C28="",L27,IF(J28<0,L27+1,0)) -> 0 | M28: 655.4 | N28: 13357.38 | O28: 85036.33
A29: 24 | B29: IS | C29: 2022-10-26 | D29: 2022-11-08 | E29: short | F29: 13201.83 | G29: 6.3778 | H29: 6.7698 | I29: да | J29: 0.04116 | K29: =IF(J29>0,"прибыль",IF(J29<0,"убыток","ноль")) -> прибыль | L29: =IF(C29="",L28,IF(J29<0,L28+1,0)) -> 0 | M29: 41.16 | N29: 543.33 | O29: 85579.66
A30: 25 | B30: IS | C30: 2022-11-08 | D30: 2022-12-16 | E30: short | F30: 9502.13 | G30: 6.5448 | H30: 6.8721 | I30: да | J30: -0.02617 | K30: =IF(J30>0,"прибыль",IF(J30<0,"убыток","ноль")) -> убыток | L30: =IF(C30="",L29,IF(J30<0,L29+1,0)) -> 1 | M30: -26.17 | N30: -248.71 | O30: 85330.95
A31: 26 | B31: IS | C31: 2022-12-16 | D31: 2023-02-28 | E31: short | F31: 19432.42 | G31: 4.3041 | H31: 2.8047 | I31: да | J31: 2.21897 | K31: =IF(J31>0,"прибыль",IF(J31<0,"убыток","ноль")) -> прибыль | L31: =IF(C31="",L30,IF(J31<0,L30+1,0)) -> 0 | M31: 2218.97 | N31: 43119.94 | O31: 128450.89
A32: 27 | B32: IS | C32: 2023-02-28 | D32: 2023-04-18 | E32: short | F32: 31389.61 | G32: 3.2305 | H32: 2.3317 | I32: да | J32: 1.30097 | K32: =IF(J32>0,"прибыль",IF(J32<0,"убыток","ноль")) -> прибыль | L32: =IF(C32="",L31,IF(J32<0,L31+1,0)) -> 0 | M32: 1300.97 | N32: 40836.93 | O32: 169287.82
A33: 28 | B33: IS | C33: 2023-04-18 | D33: 2023-08-10 | E33: short | F33: 44784.59 | G33: 3.2193 | H33: 2.9849 | I33: да | J33: 0.4615 | K33: =IF(J33>0,"прибыль",IF(J33<0,"убыток","ноль")) -> прибыль | L33: =IF(C33="",L32,IF(J33<0,L32+1,0)) -> 0 | M33: 461.5 | N33: 20667.98 | O33: 189955.79
A34: 29 | B34: IS | C34: 2023-08-10 | D34: 2023-10-05 | E34: short | F34: 127757.01 | G34: 3.2189 | H34: 3.0005 | I34: да | J34: 0.68614 | K34: =IF(J34>0,"прибыль",IF(J34<0,"убыток","ноль")) -> прибыль | L34: =IF(C34="",L33,IF(J34<0,L33+1,0)) -> 0 | M34: 686.14 | N34: 87659.05 | O34: 277614.85
A35: 30 | B35: IS | C35: 2023-10-05 | D35: 2023-10-06 | E35: long | F35: 0 | G35: 3.0005 | H35: 3.1658 | J35: 0.16522 | K35: =IF(J35>0,"прибыль",IF(J35<0,"убыток","ноль")) -> прибыль | L35: =IF(C35="",L34,IF(J35<0,L34+1,0)) -> 0 | M35: 165.22 | N35: 0 | O35: 277614.85
A36: 31 | B36: IS | C36: 2023-10-06 | D36: 2023-10-09 | E36: long | F36: 30203.69 | G36: 3.0005 | H36: 3.3143 | J36: 0.31371 | K36: =IF(J36>0,"прибыль",IF(J36<0,"убыток","ноль")) -> прибыль | L36: =IF(C36="",L35,IF(J36<0,L35+1,0)) -> 0 | M36: 313.71 | N36: 9475.15 | O36: 287090
A37: 32 | B37: IS | C37: 2023-10-09 | D37: 2023-11-01 | E37: long | F37: 33230.66 | G37: 2.9964 | H37: 3.5684 | I37: да | J37: 0.40861 | K37: =IF(J37>0,"прибыль",IF(J37<0,"убыток","ноль")) -> прибыль | L37: =IF(C37="",L36,IF(J37<0,L36+1,0)) -> 0 | M37: 408.61 | N37: 13578.52 | O37: 300668.51
A38: 33 | B38: IS | C38: 2023-11-01 | D38: 2023-11-30 | E38: long | F38: 147257.07 | G38: 3.0504 | H38: 2.858 | I38: да | J38: -0.26146 | K38: =IF(J38>0,"прибыль",IF(J38<0,"убыток","ноль")) -> убыток | L38: =IF(C38="",L37,IF(J38<0,L37+1,0)) -> 1 | M38: -261.46 | N38: -38501.62 | O38: 262166.89
A39: 34 | B39: IS | C39: 2023-11-30 | D39: 2023-12-18 | E39: short | F39: 46349.22 | G39: 2.7625 | H39: 2.5309 | J39: 0.23132 | K39: =IF(J39>0,"прибыль",IF(J39<0,"убыток","ноль")) -> прибыль | L39: =IF(C39="",L38,IF(J39<0,L38+1,0)) -> 0 | M39: 231.32 | N39: 10721.67 | O39: 272888.56
A40: 35 | B40: IS | C40: 2023-12-18 | D40: 2023-12-22 | E40: short | F40: 34598.58 | G40: 2.7625 | H40: 2.5838 | J40: 0.17855 | K40: =IF(J40>0,"прибыль",IF(J40<0,"убыток","ноль")) -> прибыль | L40: =IF(C40="",L39,IF(J40<0,L39+1,0)) -> 0 | M40: 178.55 | N40: 6177.42 | O40: 279065.98
A41: 36 | B41: IS | C41: 2023-12-22 | D41: 2024-01-05 | E41: short | F41: 29561.11 | G41: 2.7625 | H41: 2.8111 | I41: да | J41: -0.1159 | K41: =IF(J41>0,"прибыль",IF(J41<0,"убыток","ноль")) -> убыток | L41: =IF(C41="",L40,IF(J41<0,L40+1,0)) -> 1 | M41: -115.9 | N41: -3426.28 | O41: 275639.7
A42: 37 | B42: IS | C42: 2024-01-05 | D42: 2024-01-17 | E42: short | F42: 18778.57 | G42: 2.6953 | H42: 2.8365 | J42: -0.14139 | K42: =IF(J42>0,"прибыль",IF(J42<0,"убыток","ноль")) -> убыток | L42: =IF(C42="",L41,IF(J42<0,L41+1,0)) -> 2 | M42: -141.39 | N42: -2655.17 | O42: 272984.53
A43: 38 | B43: IS | D43: 2024-04-25 | E43: short | F43: 185980.05 | H43: 3.043 | J43: 0.55403 | K43: =IF(J43>0,"прибыль",IF(J43<0,"убыток","ноль")) -> прибыль | L43: =IF(C43="",L42,IF(J43<0,L42+1,0)) -> 2 | M43: 554.03 | N43: 103037.95 | O43: 376022.48 | P43: позиция открыта на конец периода: переоценка по закрытию
A44: 39 | B44: OOS | C44: 2024-12-10 | D44: 2024-12-26 | E44: short | F44: 64023.97 | G44: 3.1679 | H44: 3.836 | J44: -0.66868 | K44: =IF(J44>0,"прибыль",IF(J44<0,"убыток","ноль")) -> убыток | L44: =IF(C44="",L43,IF(J44<0,L43+1,0)) -> 3 | M44: -668.68 | N44: -42811.57 | O44: 333210.91
A45: 40 | B45: OOS | C45: 2024-12-26 | D45: 2024-12-27 | E45: long | F45: 0 | G45: 3.836 | H45: 3.7063 | J45: -0.12993 | K45: =IF(J45>0,"прибыль",IF(J45<0,"убыток","ноль")) -> убыток | L45: =IF(C45="",L44,IF(J45<0,L44+1,0)) -> 4 | M45: -129.93 | N45: 0 | O45: 333210.91
A46: 41 | B46: OOS | C46: 2024-12-27 | D46: 2025-01-03 | E46: long | F46: 17593.32 | G46: 3.836 | H46: 3.6566 | I46: да | J46: 0.15076 | K46: =IF(J46>0,"прибыль",IF(J46<0,"убыток","ноль")) -> прибыль | L46: =IF(C46="",L45,IF(J46<0,L45+1,0)) -> 0 | M46: 150.76 | N46: 2652.3 | O46: 335863.21
A47: 42 | B47: OOS | C47: 2025-01-03 | D47: 2025-01-08 | E47: long | F47: 10722.28 | G47: 3.5056 | H47: 3.598 | J47: 0.09219 | K47: =IF(J47>0,"прибыль",IF(J47<0,"убыток","ноль")) -> прибыль | L47: =IF(C47="",L46,IF(J47<0,L46+1,0)) -> 0 | M47: 92.19 | N47: 988.48 | O47: 336851.69
A48: 43 | B48: OOS | C48: 2025-01-08 | D48: 2025-02-20 | E48: long | F48: 10814.88 | G48: 3.5143 | H48: 4.352 | I48: да | J48: 1.08951 | K48: =IF(J48>0,"прибыль",IF(J48<0,"убыток","ноль")) -> прибыль | L48: =IF(C48="",L47,IF(J48<0,L47+1,0)) -> 0 | M48: 1089.51 | N48: 11782.88 | O48: 348634.58
A49: 44 | B49: OOS | C49: 2025-02-20 | D49: 2025-05-08 | E49: long | F49: 71239.28 | G49: 3.5193 | H49: 3.6253 | I49: да | J49: -0.2518 | K49: =IF(J49>0,"прибыль",IF(J49<0,"убыток","ноль")) -> убыток | L49: =IF(C49="",L48,IF(J49<0,L48+1,0)) -> 1 | M49: -251.8 | N49: -17937.84 | O49: 330696.73
A50: 45 | B50: OOS | C50: 2025-05-08 | D50: 2025-05-21 | E50: short | F50: 17509.21 | G50: 3.6369 | H50: 3.3706 | J50: 0.2659 | K50: =IF(J50>0,"прибыль",IF(J50<0,"убыток","ноль")) -> прибыль | L50: =IF(C50="",L49,IF(J50<0,L49+1,0)) -> 0 | M50: 265.9 | N50: 4655.68 | O50: 335352.42
A51: 46 | B51: OOS | C51: 2025-05-21 | D51: 2025-10-02 | E51: short | F51: 35758.43 | G51: 2.9256 | H51: 3.4499 | I51: да | J51: 0.59998 | K51: =IF(J51>0,"прибыль",IF(J51<0,"убыток","ноль")) -> прибыль | L51: =IF(C51="",L50,IF(J51<0,L50+1,0)) -> 0 | M51: 599.98 | N51: 21454.45 | O51: 356806.87
A52: 47 | B52: OOS | C52: 2025-10-02 | D52: 2025-10-21 | E52: short | F52: 38163.98 | G52: 4.0506 | H52: 3.3948 | J52: 0.65563 | K52: =IF(J52>0,"прибыль",IF(J52<0,"убыток","ноль")) -> прибыль | L52: =IF(C52="",L51,IF(J52<0,L51+1,0)) -> 0 | M52: 655.63 | N52: 25021.56 | O52: 381828.43
A53: 48 | B53: OOS | C53: 2025-10-21 | D53: 2025-11-20 | E53: short | F53: 89880.35 | G53: 4.0319 | H53: 4.5382 | I53: да | J53: 0.08485 | K53: =IF(J53>0,"прибыль",IF(J53<0,"убыток","ноль")) -> прибыль | L53: =IF(C53="",L52,IF(J53<0,L52+1,0)) -> 0 | M53: 84.85 | N53: 7626.28 | O53: 389454.71
A54: 49 | B54: OOS | C54: 2025-11-20 | D54: 2025-12-09 | E54: long | F54: 30153.39 | G54: 4.5382 | H54: 4.8374 | I54: да | J54: 0.34883 | K54: =IF(J54>0,"прибыль",IF(J54<0,"убыток","ноль")) -> прибыль | L54: =IF(C54="",L53,IF(J54<0,L53+1,0)) -> 0 | M54: 348.83 | N54: 10518.52 | O54: 399973.23
A55: 50 | B55: OOS | C55: 2025-12-09 | D55: 2025-12-24 | E55: long | F55: 19495.46 | G55: 4.4884 | H55: 4.3985 | J55: -0.09007 | K55: =IF(J55>0,"прибыль",IF(J55<0,"убыток","ноль")) -> убыток | L55: =IF(C55="",L54,IF(J55<0,L54+1,0)) -> 1 | M55: -90.07 | N55: -1755.99 | O55: 398217.24
A56: 51 | B56: OOS | C56: 2025-12-24 | D56: 2026-01-17 | E56: long | F56: 60459.97 | G56: 4.3648 | H56: 3.1192 | I56: да | J56: -0.84817 | K56: =IF(J56>0,"прибыль",IF(J56<0,"убыток","ноль")) -> убыток | L56: =IF(C56="",L55,IF(J56<0,L55+1,0)) -> 2 | M56: -848.17 | N56: -51280.24 | O56: 346937
A57: 52 | B57: OOS | C57: 2026-01-17 | D57: 2026-01-18 | E57: short | F57: 0 | G57: 3.1192 | H57: 3.1559 | J57: -0.03682 | K57: =IF(J57>0,"прибыль",IF(J57<0,"убыток","ноль")) -> убыток | L57: =IF(C57="",L56,IF(J57<0,L56+1,0)) -> 3 | M57: -36.82 | N57: 0 | O57: 346937
A58: 53 | B58: OOS | C58: 2026-01-18 | D58: 2026-01-20 | E58: short | F58: 13425.08 | G58: 3.1192 | H58: 3.6836 | J58: -0.56454 | K58: =IF(J58>0,"прибыль",IF(J58<0,"убыток","ноль")) -> убыток | L58: =IF(C58="",L57,IF(J58<0,L57+1,0)) -> 4 | M58: -564.54 | N58: -7579.01 | O58: 339357.99
A59: 54 | B59: OOS | C59: 2026-01-20 | D59: 2026-01-22 | E59: short | F59: 22014.04 | G59: 3.1192 | H59: 5.3642 | J59: -2.24522 | K59: =IF(J59>0,"прибыль",IF(J59<0,"убыток","ноль")) -> убыток | L59: =IF(C59="",L58,IF(J59<0,L58+1,0)) -> 5 | M59: -2245.22 | N59: -49426.44 | O59: 289931.55
A60: 55 | B60: OOS | C60: 2026-01-22 | D60: 2026-01-23 | E60: short | F60: 22877.81 | G60: 3.1192 | H60: 4.8019 | J60: -1.68317 | K60: =IF(J60>0,"прибыль",IF(J60<0,"убыток","ноль")) -> убыток | L60: =IF(C60="",L59,IF(J60<0,L59+1,0)) -> 6 | M60: -1683.17 | N60: -38507.2 | O60: 251424.35
A61: 56 | B61: OOS | C61: 2026-01-23 | D61: 2026-01-27 | E61: long | F61: 8390.77 | G61: 4.8019 | H61: 6.5138 | J61: 1.71158 | K61: =IF(J61>0,"прибыль",IF(J61<0,"убыток","ноль")) -> прибыль | L61: =IF(C61="",L60,IF(J61<0,L60+1,0)) -> 0 | M61: 1711.58 | N61: 14361.46 | O61: 265785.81
A62: 57 | B62: OOS | C62: 2026-01-27 | D62: 2026-03-12 | E62: long | F62: 31750.08 | G62: 5.1857 | H62: 3.2783 | I62: да | J62: 0.43763 | K62: =IF(J62>0,"прибыль",IF(J62<0,"убыток","ноль")) -> прибыль | L62: =IF(C62="",L61,IF(J62<0,L61+1,0)) -> 0 | M62: 437.63 | N62: 13894.89 | O62: 279680.7
A63: 58 | B63: OOS | C63: 2026-03-12 | D63: 2026-04-24 | E63: long | F63: 202140.11 | G63: 2.7294 | H63: 2.5788 | I63: да | J63: -0.24739 | K63: =IF(J63>0,"прибыль",IF(J63<0,"убыток","ноль")) -> убыток | L63: =IF(C63="",L62,IF(J63<0,L62+1,0)) -> 1 | M63: -247.39 | N63: -50007.76 | O63: 229672.95
A64: 59 | B64: OOS | C64: 2026-04-24 | D64: 2026-05-12 | E64: short | F64: 52863.63 | G64: 2.5788 | H64: 2.9505 | I64: да | J64: -0.20388 | K64: =IF(J64>0,"прибыль",IF(J64<0,"убыток","ноль")) -> убыток | L64: =IF(C64="",L63,IF(J64<0,L63+1,0)) -> 2 | M64: -203.88 | N64: -10777.8 | O64: 218895.14
A65: 60 | B65: OOS | C65: 2026-05-12 | D65: 2026-09-23 | E65: short | F65: 96926.78 | G65: 2.7107 | H65: 3.0273 | I65: да | J65: 0.02632 | K65: =IF(J65>0,"прибыль",IF(J65<0,"убыток","ноль")) -> прибыль | L65: =IF(C65="",L64,IF(J65<0,L64+1,0)) -> 0 | M65: 26.32 | N65: 2551.07 | O65: 221446.21
A66: 61 | B66: OOS | C66: 2026-09-23 | D66: 2026-09-25 | E66: short | F66: 28105.28 | G66: 3.054 | H66: 3.1882 | J66: -0.13438 | K66: =IF(J66>0,"прибыль",IF(J66<0,"убыток","ноль")) -> убыток | L66: =IF(C66="",L65,IF(J66<0,L65+1,0)) -> 1 | M66: -134.38 | N66: -3776.78 | O66: 217669.44
A67: 62 | B67: OOS | D67: 2026-10-03 | E67: short | F67: 107897.23 | H67: 3.043 | J67: -0.0368 | K67: =IF(J67>0,"прибыль",IF(J67<0,"убыток","ноль")) -> убыток | L67: =IF(C67="",L66,IF(J67<0,L66+1,0)) -> 1 | M67: -36.8 | N67: -3970.47 | O67: 213698.97 | P67: позиция открыта на конец периода: переоценка по закрытию

Sheet 7F_3_Breakout_BR
A1: 3 Channel Breakout · BR · entry=40,exit_=20
A2: Параметры: лучший Шарп в выборке. Издержки ~7 б.п. за оборот вычтены.
A3: Каждая строка — исход по порядку закрытия. Пункт — единица котировки (BR: 1 USD за баррель, NG: 1 USD за MMBtu); плюс — прибыль, минус — убыток.
A5: № | B5: период | C5: вход | D5: выход | E5: направление | F5: объём, ед. актива | G5: цена входа | H5: цена выхода | I5: через ролл | J5: результат, пунктов | K5: исход | L5: серия убыточных подряд | M5: результат, шагов цены | N5: результат, USD | O5: итог, USD | P5: примечание
A6: 1 | B6: IS | C6: 2012-02-17 | D6: 2012-03-02 | E6: long | F6: 3061.27 | G6: 120.4335 | H6: 125.9037 | J6: 5.44451 | K6: =IF(J6>0,"прибыль",IF(J6<0,"убыток","ноль")) -> прибыль | L6: =IF(AND(C6<>"",J6<0),1,0) -> 0 | M6: 544.45 | N6: 16667.11 | O6: 16667.11
A7: 2 | B7: IS | C7: 2012-03-02 | D7: 2012-04-11 | E7: long | F7: 6671.22 | G7: 120.4335 | H7: 119.9206 | I7: да | J7: -2.76984 | K7: =IF(J7>0,"прибыль",IF(J7<0,"убыток","ноль")) -> убыток | L7: =IF(C7="",L6,IF(J7<0,L6+1,0)) -> 1 | M7: -276.98 | N7: -18478.18 | O7: -1811.07
A8: 3 | B8: IS | C8: 2012-05-05 | D8: 2012-05-31 | E8: short | F8: 2881.12 | G8: 112.926 | H8: 103.49 | I8: да | J8: 4.51052 | K8: =IF(J8>0,"прибыль",IF(J8<0,"убыток","ноль")) -> прибыль | L8: =IF(C8="",L7,IF(J8<0,L7+1,0)) -> 0 | M8: 451.05 | N8: 12995.37 | O8: 11184.3
A9: 4 | B9: IS | C9: 2012-05-31 | D9: 2012-06-25 | E9: short | F9: 2206.23 | G9: 108.0259 | H9: 90.9197 | I9: да | J9: 18.01569 | K9: =IF(J9>0,"прибыль",IF(J9<0,"убыток","ноль")) -> прибыль | L9: =IF(C9="",L8,IF(J9<0,L8+1,0)) -> 0 | M9: 1801.57 | N9: 39746.83 | O9: 50931.13
A10: 5 | B10: IS | C10: 2012-06-25 | D10: 2012-07-02 | E10: short | F10: 1465.1 | G10: 108.9399 | H10: 97.171 | J10: 11.76403 | K10: =IF(J10>0,"прибыль",IF(J10<0,"убыток","ноль")) -> прибыль | L10: =IF(C10="",L9,IF(J10<0,L9+1,0)) -> 0 | M10: 1176.4 | N10: 17235.43 | O10: 68166.56
A11: 6 | B11: IS | C11: 2012-07-02 | D11: 2012-07-16 | E11: short | F11: 4145.25 | G11: 108.9399 | H11: 102.8782 | J11: 6.05654 | K11: =IF(J11>0,"прибыль",IF(J11<0,"убыток","ноль")) -> прибыль | L11: =IF(C11="",L10,IF(J11<0,L10+1,0)) -> 0 | M11: 605.65 | N11: 25105.86 | O11: 93272.42
A12: 7 | B12: IS | C12: 2012-08-06 | D12: 2012-09-20 | E12: long | F12: 9917.35 | G12: 112.2184 | H12: 107.7963 | I12: да | J12: -1.56462 | K12: =IF(J12>0,"прибыль",IF(J12<0,"убыток","ноль")) -> убыток | L12: =IF(C12="",L11,IF(J12<0,L11+1,0)) -> 1 | M12: -156.46 | N12: -15516.92 | O12: 77755.49
A13: 8 | B13: IS | C13: 2013-01-09 | D13: 2013-02-21 | E13: long | F13: 3436.81 | G13: 114.579 | H13: 115.1254 | I13: да | J13: 0.61288 | K13: =IF(J13>0,"прибыль",IF(J13<0,"убыток","ноль")) -> прибыль | L13: =IF(C13="",L12,IF(J13<0,L12+1,0)) -> 0 | M13: 61.29 | N13: 2106.36 | O13: 79861.85
A14: 9 | B14: IS | C14: 2013-02-21 | D14: 2013-02-28 | E14: long | F14: 11643.55 | G14: 114.4817 | H14: 111.8199 | J14: -2.66738 | K14: =IF(J14>0,"прибыль",IF(J14<0,"убыток","ноль")) -> убыток | L14: =IF(C14="",L13,IF(J14<0,L13+1,0)) -> 1 | M14: -266.74 | N14: -31057.75 | O14: 48804.11
A15: 10 | B15: IS | C15: 2013-03-13 | D15: 2013-04-04 | E15: short | F15: 3548.5 | G15: 108.9199 | H15: 107.3781 | I15: да | J15: 1.98325 | K15: =IF(J15>0,"прибыль",IF(J15<0,"убыток","ноль")) -> прибыль | L15: =IF(C15="",L14,IF(J15<0,L14+1,0)) -> 0 | M15: 198.33 | N15: 7037.57 | O15: 55841.68
A16: 11 | B16: IS | C16: 2013-04-04 | D16: 2013-04-16 | E16: short | F16: 2188.67 | G16: 109.3879 | H16: 100.3583 | J16: 9.02461 | K16: =IF(J16>0,"прибыль",IF(J16<0,"убыток","ноль")) -> прибыль | L16: =IF(C16="",L15,IF(J16<0,L15+1,0)) -> 0 | M16: 902.46 | N16: 19751.9 | O16: 75593.58
A17: 12 | B17: IS | C17: 2013-04-16 | D17: 2013-06-13 | E17: short | F17: 2106.04 | G17: 108.0908 | H17: 103.2269 | I17: да | J17: 5.41029 | K17: =IF(J17>0,"прибыль",IF(J17<0,"убыток","ноль")) -> прибыль | L17: =IF(C17="",L16,IF(J17<0,L16+1,0)) -> 0 | M17: 541.03 | N17: 11394.27 | O17: 86987.84
A18: 13 | B18: IS | C18: 2013-06-13 | D18: 2013-07-08 | E18: short | F18: 8243.94 | G18: 108.6486 | H18: 107.7647 | I18: да | J18: 2.30555 | K18: =IF(J18>0,"прибыль",IF(J18<0,"убыток","ноль")) -> прибыль | L18: =IF(C18="",L17,IF(J18<0,L17+1,0)) -> 0 | M18: 230.55 | N18: 19006.8 | O18: 105994.64
A19: 14 | B19: IS | C19: 2013-07-17 | D19: 2013-08-28 | E19: long | F19: 4998.49 | G19: 109.4956 | H19: 114.261 | I19: да | J19: 6.3783 | K19: =IF(J19>0,"прибыль",IF(J19<0,"убыток","ноль")) -> прибыль | L19: =IF(C19="",L18,IF(J19<0,L18+1,0)) -> 0 | M19: 637.83 | N19: 31881.89 | O19: 137876.53
A20: 15 | B20: IS | C20: 2013-08-28 | D20: 2013-09-18 | E20: long | F20: 1763.73 | G20: 107.8624 | H20: 107.7106 | I20: да | J20: 2.18867 | K20: =IF(J20>0,"прибыль",IF(J20<0,"убыток","ноль")) -> прибыль | L20: =IF(C20="",L19,IF(J20<0,L19+1,0)) -> 0 | M20: 218.87 | N20: 3860.21 | O20: 141736.74
A21: 16 | B21: IS | C21: 2013-09-18 | D21: 2013-10-02 | E21: long | F21: 6951.64 | G21: 105.5165 | H21: 107.4278 | J21: 1.90595 | K21: =IF(J21>0,"прибыль",IF(J21<0,"убыток","ноль")) -> прибыль | L21: =IF(C21="",L20,IF(J21<0,L20+1,0)) -> 0 | M21: 190.6 | N21: 13249.48 | O21: 154986.22
A22: 17 | B22: IS | C22: 2013-11-07 | D22: 2013-11-22 | E22: short | F22: 8004.67 | G22: 104.9901 | H22: 110.0504 | I22: да | J22: -5.34654 | K22: =IF(J22>0,"прибыль",IF(J22<0,"убыток","ноль")) -> убыток | L22: =IF(C22="",L21,IF(J22<0,L21+1,0)) -> 1 | M22: -534.65 | N22: -42797.32 | O22: 112188.9
A23: 18 | B23: IS | C23: 2013-11-22 | D23: 2014-02-10 | E23: long | F23: 2756.74 | G23: 109.6875 | H23: 109.3032 | I23: да | J23: 2.02684 | K23: =IF(J23>0,"прибыль",IF(J23<0,"убыток","ноль")) -> прибыль | L23: =IF(C23="",L22,IF(J23<0,L22+1,0)) -> 0 | M23: 202.68 | N23: 5587.48 | O23: 117776.38
A24: 19 | B24: IS | C24: 2014-02-10 | D24: 2014-03-14 | E24: long | F24: 10570.66 | G24: 107.2587 | H24: 107.3323 | I24: да | J24: -0.25731 | K24: =IF(J24>0,"прибыль",IF(J24<0,"убыток","ноль")) -> убыток | L24: =IF(C24="",L23,IF(J24<0,L23+1,0)) -> 1 | M24: -25.73 | N24: -2719.89 | O24: 115056.48
A25: 20 | B25: IS | C25: 2014-05-22 | D25: 2014-06-16 | E25: long | F25: 10273.16 | G25: 110.2134 | H25: 113.2917 | J25: 3.06143 | K25: =IF(J25>0,"прибыль",IF(J25<0,"убыток","ноль")) -> прибыль | L25: =IF(C25="",L24,IF(J25<0,L24+1,0)) -> 0 | M25: 306.14 | N25: 31450.61 | O25: 146507.09
A26: 21 | B26: IS | C26: 2014-06-16 | D26: 2014-07-10 | E26: long | F26: 10548.45 | G26: 110.2134 | H26: 108.049 | I26: да | J26: -1.88754 | K26: =IF(J26>0,"прибыль",IF(J26<0,"убыток","ноль")) -> убыток | L26: =IF(C26="",L25,IF(J26<0,L25+1,0)) -> 1 | M26: -188.75 | N26: -19910.59 | O26: 126596.5
A27: 22 | B27: IS | C27: 2014-07-14 | D27: 2014-09-04 | E27: short | F27: 3451.33 | G27: 106.5727 | H27: 102.4106 | I27: да | J27: 7.61366 | K27: =IF(J27>0,"прибыль",IF(J27<0,"убыток","ноль")) -> прибыль | L27: =IF(C27="",L26,IF(J27<0,L26+1,0)) -> 0 | M27: 761.37 | N27: 26277.24 | O27: 152873.74
A28: 23 | B28: IS | C28: 2014-09-04 | D28: 2014-10-15 | E28: short | F28: 3642.92 | G28: 104.9164 | H28: 85.2819 | I28: да | J28: 22.21935 | K28: =IF(J28>0,"прибыль",IF(J28<0,"убыток","ноль")) -> прибыль | L28: =IF(C28="",L27,IF(J28<0,L27+1,0)) -> 0 | M28: 2221.94 | N28: 80943.37 | O28: 233817.11
A29: 24 | B29: IS | C29: 2014-10-15 | D29: 2014-10-30 | E29: short | F29: 2029.61 | G29: 107.5117 | H29: 87.1156 | I29: да | J29: 22.60482 | K29: =IF(J29>0,"прибыль",IF(J29<0,"убыток","ноль")) -> прибыль | L29: =IF(C29="",L28,IF(J29<0,L28+1,0)) -> 0 | M29: 2260.48 | N29: 45878.87 | O29: 279695.98
A30: 25 | B30: IS | C30: 2014-10-30 | D30: 2014-11-28 | E30: short | F30: 2204.07 | G30: 102.7117 | H30: 72.5912 | I30: да | J30: 32.49058 | K30: =IF(J30>0,"прибыль",IF(J30<0,"убыток","ноль")) -> прибыль | L30: =IF(C30="",L29,IF(J30<0,L29+1,0)) -> 0 | M30: 3249.06 | N30: 71611.64 | O30: 351307.62
A31: 26 | B31: IS | C31: 2014-11-28 | D31: 2014-12-24 | E31: short | F31: 1744.32 | G31: 105.0898 | H31: 61.657 | I31: да | J31: 45.53858 | K31: =IF(J31>0,"прибыль",IF(J31<0,"убыток","ноль")) -> прибыль | L31: =IF(C31="",L30,IF(J31<0,L30+1,0)) -> 0 | M31: 4553.86 | N31: 79433.69 | O31: 430741.31
A32: 27 | B32: IS | C32: 2014-12-24 | D32: 2015-02-03 | E32: short | F32: 2114.7 | G32: 95.8982 | H32: 55.0057 | I32: да | J32: 45.45294 | K32: =IF(J32>0,"прибыль",IF(J32<0,"убыток","ноль")) -> прибыль | L32: =IF(C32="",L31,IF(J32<0,L31+1,0)) -> 0 | M32: 4545.29 | N32: 96119.56 | O32: 526860.87
A33: 28 | B33: IS | C33: 2015-02-03 | D33: 2015-04-16 | E33: short | F33: 6015.15 | G33: 92.3137 | H33: 60.2988 | I33: да | J33: 38.27039 | K33: =IF(J33>0,"прибыль",IF(J33<0,"убыток","ноль")) -> прибыль | L33: =IF(C33="",L32,IF(J33<0,L32+1,0)) -> 0 | M33: 3827.04 | N33: 230202.17 | O33: 757063.04
A34: 29 | B34: IS | C34: 2015-05-05 | D34: 2015-05-28 | E34: long | F34: 9219.43 | G34: 66.4932 | H34: 62.5085 | I34: да | J34: -4.42076 | K34: =IF(J34>0,"прибыль",IF(J34<0,"убыток","ноль")) -> убыток | L34: =IF(C34="",L33,IF(J34<0,L33+1,0)) -> 1 | M34: -442.08 | N34: -40756.93 | O34: 716306.11
A35: 30 | B35: IS | C35: 2015-06-30 | D35: 2015-08-28 | E35: short | F35: 5088.76 | G35: 59.0988 | H35: 47.5888 | I35: да | J35: 10.56771 | K35: =IF(J35>0,"прибыль",IF(J35<0,"убыток","ноль")) -> прибыль | L35: =IF(C35="",L34,IF(J35<0,L34+1,0)) -> 0 | M35: 1056.77 | N35: 53776.5 | O35: 770082.61
A36: 31 | B36: IS | C36: 2015-08-28 | D36: 2015-09-01 | E36: short | F36: 6261.33 | G36: 58.1653 | H36: 53.0071 | J36: 5.15554 | K36: =IF(J36>0,"прибыль",IF(J36<0,"убыток","ноль")) -> прибыль | L36: =IF(C36="",L35,IF(J36<0,L35+1,0)) -> 0 | M36: 515.55 | N36: 32280.56 | O36: 802363.17
A37: 32 | B37: IS | C37: 2015-10-27 | D37: 2016-01-22 | E37: short | F37: 2827.33 | G37: 45.7851 | H37: 29.6072 | I37: да | J37: 14.54102 | K37: =IF(J37>0,"прибыль",IF(J37<0,"убыток","ноль")) -> прибыль | L37: =IF(C37="",L36,IF(J37<0,L36+1,0)) -> 0 | M37: 1454.1 | N37: 41112.25 | O37: 843475.43
A38: 33 | B38: IS | C38: 2016-01-22 | D38: 2016-01-25 | E38: short | F38: 2110.83 | G38: 44.1594 | H38: 32.2216 | J38: 11.93621 | K38: =IF(J38>0,"прибыль",IF(J38<0,"убыток","ноль")) -> прибыль | L38: =IF(C38="",L37,IF(J38<0,L37+1,0)) -> 0 | M38: 1193.62 | N38: 25195.32 | O38: 868670.74
A39: 34 | B39: IS | C39: 2016-01-25 | D39: 2016-02-04 | E39: short | F39: 2067.18 | G39: 44.1594 | H39: 35.5734 | I39: да | J39: 7.78204 | K39: =IF(J39>0,"прибыль",IF(J39<0,"убыток","ноль")) -> прибыль | L39: =IF(C39="",L38,IF(J39<0,L38+1,0)) -> 0 | M39: 778.2 | N39: 16086.89 | O39: 884757.63
A40: 35 | B40: IS | C40: 2016-02-04 | D40: 2016-03-07 | E40: short | F40: 6823.3 | G40: 41.346 | H40: 38.9262 | I40: да | J40: 3.45035 | K40: =IF(J40>0,"прибыль",IF(J40<0,"убыток","ноль")) -> прибыль | L40: =IF(C40="",L39,IF(J40<0,L39+1,0)) -> 0 | M40: 345.03 | N40: 23542.78 | O40: 908300.41
A41: 36 | B41: IS | C41: 2016-03-07 | D41: 2016-03-09 | E41: long | F41: 0 | G41: 38.9262 | H41: 40.6099 | J41: 1.6817 | K41: =IF(J41>0,"прибыль",IF(J41<0,"убыток","ноль")) -> прибыль | L41: =IF(C41="",L40,IF(J41<0,L40+1,0)) -> 0 | M41: 168.17 | N41: 0 | O41: 908300.41
A42: 37 | B42: IS | C42: 2016-03-09 | D42: 2016-04-11 | E42: long | F42: 4061.63 | G42: 39.4345 | H42: 41.6705 | I42: да | J42: 3.22532 | K42: =IF(J42>0,"прибыль",IF(J42<0,"убыток","ноль")) -> прибыль | L42: =IF(C42="",L41,IF(J42<0,L41+1,0)) -> 0 | M42: 322.53 | N42: 13100.05 | O42: 921400.46
A43: 38 | B43: IS | C43: 2016-04-11 | D43: 2016-06-17 | E43: long | F43: 14617.76 | G43: 42.2969 | H43: 47.1087 | I43: да | J43: 5.26852 | K43: =IF(J43>0,"прибыль",IF(J43<0,"убыток","ноль")) -> прибыль | L43: =IF(C43="",L42,IF(J43<0,L42+1,0)) -> 0 | M43: 526.85 | N43: 77013.94 | O43: 998414.4
A44: 39 | B44: IS | C44: 2016-07-12 | D44: 2016-08-15 | E44: short | F44: 2619.1 | G44: 45.5503 | H44: 47.2828 | I44: да | J44: -1.92796 | K44: =IF(J44>0,"прибыль",IF(J44<0,"убыток","ноль")) -> убыток | L44: =IF(C44="",L43,IF(J44<0,L43+1,0)) -> 1 | M44: -192.8 | N44: -5049.53 | O44: 993364.86
A45: 40 | B45: IS | C45: 2016-08-15 | D45: 2016-08-16 | E45: short | F45: 9582.67 | G45: 45.3678 | H45: 48.3045 | J45: -2.93908 | K45: =IF(J45>0,"прибыль",IF(J45<0,"убыток","ноль")) -> убыток | L45: =IF(C45="",L44,IF(J45<0,L44+1,0)) -> 2 | M45: -293.91 | N45: -28164.19 | O45: 965200.67
A46: 41 | B46: IS | C46: 2016-09-09 | D46: 2016-11-01 | E46: long | F46: 14113.57 | G46: 49.3551 | H46: 48.2392 | I46: да | J46: -2.79994 | K46: =IF(J46>0,"прибыль",IF(J46<0,"убыток","ноль")) -> убыток | L46: =IF(C46="",L45,IF(J46<0,L45+1,0)) -> 3 | M46: -279.99 | N46: -39517.08 | O46: 925683.6
A47: 42 | B47: IS | C47: 2016-11-14 | D47: 2016-11-16 | E47: short | F47: 5163.34 | G47: 44.6061 | H47: 47.1802 | J47: -2.58312 | K47: =IF(J47>0,"прибыль",IF(J47<0,"убыток","ноль")) -> убыток | L47: =IF(C47="",L46,IF(J47<0,L46+1,0)) -> 4 | M47: -258.31 | N47: -13337.53 | O47: 912346.07
A48: 43 | B48: IS | C48: 2016-11-16 | D48: 2016-12-01 | E48: short | F48: 10117.87 | G48: 44.6061 | H48: 50.5328 | J48: -5.92927 | K48: =IF(J48>0,"прибыль",IF(J48<0,"убыток","ноль")) -> убыток | L48: =IF(C48="",L47,IF(J48<0,L47+1,0)) -> 5 | M48: -592.93 | N48: -59991.6 | O48: 852354.47
A49: 44 | B49: IS | C49: 2017-03-03 | D49: 2017-03-10 | E49: short | F49: 4826.08 | G49: 55.1232 | H49: 52.6598 | J49: 2.45195 | K49: =IF(J49>0,"прибыль",IF(J49<0,"убыток","ноль")) -> прибыль | L49: =IF(C49="",L48,IF(J49<0,L48+1,0)) -> 0 | M49: 245.19 | N49: 11833.3 | O49: 864187.77
A50: 45 | B50: IS | C50: 2017-03-10 | D50: 2017-04-10 | E50: short | F50: 15061.93 | G50: 54.9231 | H50: 55.3226 | I50: да | J50: -0.0177 | K50: =IF(J50>0,"прибыль",IF(J50<0,"убыток","ноль")) -> убыток | L50: =IF(C50="",L49,IF(J50<0,L49+1,0)) -> 1 | M50: -1.77 | N50: -266.55 | O50: 863921.22
A51: 46 | B51: IS | C51: 2017-05-05 | D51: 2017-05-18 | E51: short | F51: 3340.33 | G51: 48.4136 | H51: 52.167 | J51: -3.76662 | K51: =IF(J51>0,"прибыль",IF(J51<0,"убыток","ноль")) -> убыток | L51: =IF(C51="",L50,IF(J51<0,L50+1,0)) -> 2 | M51: -376.66 | N51: -12581.76 | O51: 851339.46
A52: 47 | B52: IS | C52: 2017-05-18 | D52: 2017-07-26 | E52: short | F52: 13479.12 | G52: 47.9472 | H52: 50.8658 | I52: да | J52: -1.19756 | K52: =IF(J52>0,"прибыль",IF(J52<0,"убыток","ноль")) -> убыток | L52: =IF(C52="",L51,IF(J52<0,L51+1,0)) -> 3 | M52: -119.76 | N52: -16142.1 | O52: 835197.36
A53: 48 | B53: IS | C53: 2017-07-31 | D53: 2017-11-21 | E53: long | F53: 3092.74 | G53: 55.2626 | H53: 62.0821 | I53: да | J53: 9.80815 | K53: =IF(J53>0,"прибыль",IF(J53<0,"убыток","ноль")) -> прибыль | L53: =IF(C53="",L52,IF(J53<0,L52+1,0)) -> 0 | M53: 980.81 | N53: 30334.04 | O53: 865531.4
A54: 49 | B54: IS | C54: 2017-11-21 | D54: 2017-12-11 | E54: long | F54: 3539.29 | G54: 54.8584 | H54: 62.8632 | I54: да | J54: 8.18825 | K54: =IF(J54>0,"прибыль",IF(J54<0,"убыток","ноль")) -> прибыль | L54: =IF(C54="",L53,IF(J54<0,L53+1,0)) -> 0 | M54: 818.82 | N54: 28980.6 | O54: 894512
A55: 50 | B55: IS | C55: 2017-12-11 | D55: 2018-01-26 | E55: long | F55: 3510.36 | G55: 58.4429 | H55: 70.0322 | J55: 11.58188 | K55: =IF(J55>0,"прибыль",IF(J55<0,"убыток","ноль")) -> прибыль | L55: =IF(C55="",L54,IF(J55<0,L54+1,0)) -> 0 | M55: 1158.19 | N55: 40656.54 | O55: 935168.54
A56: 51 | B56: IS | C56: 2018-01-26 | D56: 2018-02-06 | E56: long | F56: 15128.47 | G56: 60.2683 | H56: 67.2941 | I56: да | J56: 6.31509 | K56: =IF(J56>0,"прибыль",IF(J56<0,"убыток","ноль")) -> прибыль | L56: =IF(C56="",L55,IF(J56<0,L55+1,0)) -> 0 | M56: 631.51 | N56: 95537.61 | O56: 1030706.1
A57: 52 | B57: IS | C57: 2018-03-26 | D57: 2018-04-11 | E57: long | F57: 2727.94 | G57: 70.5982 | H57: 70.8861 | I57: да | J57: 2.72582 | K57: =IF(J57>0,"прибыль",IF(J57<0,"убыток","ноль")) -> прибыль | L57: =IF(C57="",L56,IF(J57<0,L56+1,0)) -> 0 | M57: 272.58 | N57: 7435.89 | O57: 1038142
A58: 53 | B58: IS | C58: 2018-04-11 | D58: 2018-05-28 | E58: long | F58: 1848.46 | G58: 68.1423 | H58: 76.053 | I58: да | J58: 9.76503 | K58: =IF(J58>0,"прибыль",IF(J58<0,"убыток","ноль")) -> прибыль | L58: =IF(C58="",L57,IF(J58<0,L57+1,0)) -> 0 | M58: 976.5 | N58: 18050.28 | O58: 1056192.3
A59: 54 | B59: IS | C59: 2018-05-28 | D59: 2018-06-18 | E59: long | F59: 7349.02 | G59: 66.2842 | H59: 72.9675 | I59: да | J59: 7.49112 | K59: =IF(J59>0,"прибыль",IF(J59<0,"убыток","ноль")) -> прибыль | L59: =IF(C59="",L58,IF(J59<0,L58+1,0)) -> 0 | M59: 749.11 | N59: 55052.4 | O59: 1111244.7
A60: 55 | B60: IS | C60: 2018-07-04 | D60: 2018-07-12 | E60: long | F60: 1440.23 | G60: 77.9389 | H60: 73.9556 | J60: -4.00622 | K60: =IF(J60>0,"прибыль",IF(J60<0,"убыток","ноль")) -> убыток | L60: =IF(C60="",L59,IF(J60<0,L59+1,0)) -> 1 | M60: -400.62 | N60: -5769.86 | O60: 1105474.9
A61: 56 | B61: IS | C61: 2018-07-12 | D61: 2018-08-28 | E61: long | F61: 2389.34 | G61: 76.0934 | H61: 76.2281 | I61: да | J61: 1.93561 | K61: =IF(J61>0,"прибыль",IF(J61<0,"убыток","ноль")) -> прибыль | L61: =IF(C61="",L60,IF(J61<0,L60+1,0)) -> 0 | M61: 193.56 | N61: 4624.84 | O61: 1110099.7
A62: 57 | B62: IS | C62: 2018-08-28 | D62: 2018-10-11 | E62: long | F62: 2511.49 | G62: 74.6573 | H62: 82.3708 | I62: да | J62: 4.85793 | K62: =IF(J62>0,"прибыль",IF(J62<0,"убыток","ноль")) -> прибыль | L62: =IF(C62="",L61,IF(J62<0,L61+1,0)) -> 0 | M62: 485.79 | N62: 12200.64 | O62: 1122300.3
A63: 58 | B63: IS | C63: 2018-10-11 | D63: 2018-10-24 | E63: long | F63: 8555.34 | G63: 77.5057 | H63: 76.1043 | J63: -1.40856 | K63: =IF(J63>0,"прибыль",IF(J63<0,"убыток","ноль")) -> убыток | L63: =IF(C63="",L62,IF(J63<0,L62+1,0)) -> 1 | M63: -140.86 | N63: -12050.67 | O63: 1110249.7
A64: 59 | B64: IS | C64: 2018-10-24 | D64: 2018-11-15 | E64: short | F64: 2154.43 | G64: 75.3301 | H64: 66.3547 | I64: да | J64: 6.32541 | K64: =IF(J64>0,"прибыль",IF(J64<0,"убыток","ноль")) -> прибыль | L64: =IF(C64="",L63,IF(J64<0,L63+1,0)) -> 0 | M64: 632.54 | N64: 13627.63 | O64: 1123877.3
A65: 60 | B65: IS | C65: 2018-11-15 | D65: 2018-12-27 | E65: short | F65: 4216.34 | G65: 67.0797 | H65: 55.0112 | I65: да | J65: 15.88241 | K65: =IF(J65>0,"прибыль",IF(J65<0,"убыток","ноль")) -> прибыль | L65: =IF(C65="",L64,IF(J65<0,L64+1,0)) -> 0 | M65: 1588.24 | N65: 66965.63 | O65: 1190842.9
A66: 61 | B66: IS | C66: 2018-12-27 | D66: 2019-02-15 | E66: short | F66: 10109.88 | G66: 63.0838 | H66: 64.8133 | I66: да | J66: 3.85621 | K66: =IF(J66>0,"прибыль",IF(J66<0,"убыток","ноль")) -> прибыль | L66: =IF(C66="",L65,IF(J66<0,L65+1,0)) -> 0 | M66: 385.62 | N66: 38985.82 | O66: 1229828.8
A67: 62 | B67: IS | C67: 2019-02-18 | D67: 2019-04-23 | E67: long | F67: 3826.54 | G67: 67.293 | H67: 74.1151 | I67: да | J67: 7.04681 | K67: =IF(J67>0,"прибыль",IF(J67<0,"убыток","ноль")) -> прибыль | L67: =IF(C67="",L66,IF(J67<0,L66+1,0)) -> 0 | M67: 704.68 | N67: 26964.89 | O67: 1256793.6
A68: 63 | B68: IS | C68: 2019-04-23 | D68: 2019-04-29 | E68: long | F68: 3795.52 | G68: 67.0487 | H68: 71.534 | J68: 4.48173 | K68: =IF(J68>0,"прибыль",IF(J68<0,"убыток","ноль")) -> прибыль | L68: =IF(C68="",L67,IF(J68<0,L67+1,0)) -> 0 | M68: 448.17 | N68: 17010.48 | O68: 1273804.1
A69: 64 | B69: IS | C69: 2019-04-29 | D69: 2019-05-24 | E69: long | F69: 10815.09 | G69: 67.0487 | H69: 67.8937 | I69: да | J69: 2.9691 | K69: =IF(J69>0,"прибыль",IF(J69<0,"убыток","ноль")) -> прибыль | L69: =IF(C69="",L68,IF(J69<0,L68+1,0)) -> 0 | M69: 296.91 | N69: 32111.14 | O69: 1305915.3
A70: 65 | B70: IS | C70: 2019-05-31 | D70: 2019-07-11 | E70: short | F70: 8292.04 | G70: 66.3692 | H70: 66.7792 | I70: да | J70: -5.43457 | K70: =IF(J70>0,"прибыль",IF(J70<0,"убыток","ноль")) -> убыток | L70: =IF(C70="",L69,IF(J70<0,L69+1,0)) -> 1 | M70: -543.46 | N70: -45063.66 | O70: 1260851.6
A71: 66 | B71: IS | C71: 2019-09-10 | D71: 2019-09-17 | E71: long | F71: 6348.6 | G71: 62.4265 | H71: 67.8224 | J71: 5.38724 | K71: =IF(J71>0,"прибыль",IF(J71<0,"убыток","ноль")) -> прибыль | L71: =IF(C71="",L70,IF(J71<0,L70+1,0)) -> 0 | M71: 538.72 | N71: 34201.41 | O71: 1295053
A72: 67 | B72: IS | C72: 2019-09-17 | D72: 2019-11-21 | E72: long | F72: 2791.79 | G72: 61.5608 | H72: 62.389 | I72: да | J72: 0.83749 | K72: =IF(J72>0,"прибыль",IF(J72<0,"убыток","ноль")) -> прибыль | L72: =IF(C72="",L71,IF(J72<0,L71+1,0)) -> 0 | M72: 83.75 | N72: 2338.08 | O72: 1297391.1
A73: 68 | B73: IS | C73: 2019-11-21 | D73: 2020-01-09 | E73: long | F73: 4118.55 | G73: 63.772 | H73: 66.0107 | I73: да | J73: 5.28598 | K73: =IF(J73>0,"прибыль",IF(J73<0,"убыток","ноль")) -> прибыль | L73: =IF(C73="",L72,IF(J73<0,L72+1,0)) -> 0 | M73: 528.6 | N73: 21770.55 | O73: 1319161.7
A74: 69 | B74: IS | C74: 2020-01-09 | D74: 2020-01-23 | E74: long | F74: 11805.17 | G74: 60.7179 | H74: 63.0896 | J74: 2.36852 | K74: =IF(J74>0,"прибыль",IF(J74<0,"убыток","ноль")) -> прибыль | L74: =IF(C74="",L73,IF(J74<0,L73+1,0)) -> 0 | M74: 236.85 | N74: 27960.79 | O74: 1347122.4
A75: 70 | B75: IS | C75: 2020-02-11 | D75: 2020-02-13 | E75: short | F75: 3154.08 | G75: 53.2479 | H75: 56.1846 | J75: -2.95041 | K75: =IF(J75>0,"прибыль",IF(J75<0,"убыток","ноль")) -> убыток | L75: =IF(C75="",L74,IF(J75<0,L74+1,0)) -> 1 | M75: -295.04 | N75: -9305.83 | O75: 1337816.6
A76: 71 | B76: IS | C76: 2020-02-13 | D76: 2020-03-10 | E76: short | F76: 2443.1 | G76: 53.2479 | H76: 45.2808 | I76: да | J76: 10.14872 | K76: =IF(J76>0,"прибыль",IF(J76<0,"убыток","ноль")) -> прибыль | L76: =IF(C76="",L75,IF(J76<0,L75+1,0)) -> 0 | M76: 1014.87 | N76: 24794.34 | O76: 1362610.9
A77: 72 | B77: IS | C77: 2020-03-10 | D77: 2020-03-11 | E77: short | F77: 1502.08 | G77: 55.4318 | H77: 37.8975 | J77: 17.53248 | K77: =IF(J77>0,"прибыль",IF(J77<0,"убыток","ноль")) -> прибыль | L77: =IF(C77="",L76,IF(J77<0,L76+1,0)) -> 0 | M77: 1753.25 | N77: 26335.23 | O77: 1388946.2
A78: 73 | B78: IS | C78: 2020-03-11 | D78: 2020-04-03 | E78: short | F78: 1680.47 | G78: 49.1476 | H78: 29.8391 | I78: да | J78: 25.89517 | K78: =IF(J78>0,"прибыль",IF(J78<0,"убыток","ноль")) -> прибыль | L78: =IF(C78="",L77,IF(J78<0,L77+1,0)) -> 0 | M78: 2589.52 | N78: 43516.07 | O78: 1432462.2
A79: 74 | B79: IS | C79: 2020-04-03 | D79: 2020-04-06 | E79: short | F79: 1289.19 | G79: 55.7367 | H79: 35.2874 | J79: 20.44744 | K79: =IF(J79>0,"прибыль",IF(J79<0,"убыток","ноль")) -> прибыль | L79: =IF(C79="",L78,IF(J79<0,L78+1,0)) -> 0 | M79: 2044.74 | N79: 26360.62 | O79: 1458822.9
A80: 75 | B80: IS | C80: 2020-04-06 | D80: 2020-05-19 | E80: short | F80: 4222.59 | G80: 46.0023 | H80: 35.61 | I80: да | J80: 15.50331 | K80: =IF(J80>0,"прибыль",IF(J80<0,"убыток","ноль")) -> прибыль | L80: =IF(C80="",L79,IF(J80<0,L79+1,0)) -> 0 | M80: 1550.33 | N80: 65464.12 | O80: 1524287
A81: 76 | B81: IS | C81: 2020-06-23 | D81: 2020-09-04 | E81: long | F81: 19614.89 | G81: 43.1705 | H81: 43.9897 | I81: да | J81: -0.91315 | K81: =IF(J81>0,"прибыль",IF(J81<0,"убыток","ноль")) -> убыток | L81: =IF(C81="",L80,IF(J81<0,L80+1,0)) -> 1 | M81: -91.32 | N81: -17911.41 | O81: 1506375.6
A82: 77 | B82: IS | C82: 2020-09-07 | D82: 2020-09-16 | E82: short | F82: 3416.11 | G82: 42.2961 | H82: 40.8128 | J82: 1.472 | K82: =IF(J82>0,"прибыль",IF(J82<0,"убыток","ноль")) -> прибыль | L82: =IF(C82="",L81,IF(J82<0,L81+1,0)) -> 0 | M82: 147.2 | N82: 5028.51 | O82: 1511404.1
A83: 78 | B83: IS | C83: 2020-09-16 | D83: 2020-10-06 | E83: short | F83: 3481.55 | G83: 42.2961 | H83: 41.6703 | I83: да | J83: 0.47915 | K83: =IF(J83>0,"прибыль",IF(J83<0,"убыток","ноль")) -> прибыль | L83: =IF(C83="",L82,IF(J83<0,L82+1,0)) -> 0 | M83: 47.92 | N83: 1668.2 | O83: 1513072.3
A84: 79 | B84: IS | C84: 2020-10-06 | D84: 2020-11-10 | E84: short | F84: 3088.81 | G84: 40.981 | H84: 42.3565 | I84: да | J84: 0.64411 | K84: =IF(J84>0,"прибыль",IF(J84<0,"убыток","ноль")) -> прибыль | L84: =IF(C84="",L83,IF(J84<0,L83+1,0)) -> 0 | M84: 64.41 | N84: 1989.54 | O84: 1515061.8
A85: 80 | B85: IS | C85: 2020-11-10 | D85: 2020-11-24 | E85: short | F85: 8661.03 | G85: 43.0054 | H85: 46.0217 | J85: -3.0208 | K85: =IF(J85>0,"прибыль",IF(J85<0,"убыток","ноль")) -> убыток | L85: =IF(C85="",L84,IF(J85<0,L84+1,0)) -> 1 | M85: -302.08 | N85: -26163.24 | O85: 1488898.6
A86: 81 | B86: IS | C86: 2020-11-24 | D86: 2021-01-06 | E86: long | F86: 4698.91 | G86: 47.8859 | H86: 53.5854 | I86: да | J86: 5.7857 | K86: =IF(J86>0,"прибыль",IF(J86<0,"убыток","ноль")) -> прибыль | L86: =IF(C86="",L85,IF(J86<0,L85+1,0)) -> 0 | M86: 578.57 | N86: 27186.51 | O86: 1516085.1
A87: 82 | B87: IS | D87: 2021-02-01 | E87: long | F87: 9614.1 | H87: 102.44 | J87: 8.09632 | K87: =IF(J87>0,"прибыль",IF(J87<0,"убыток","ноль")) -> прибыль | L87: =IF(C87="",L86,IF(J87<0,L86+1,0)) -> 0 | M87: 809.63 | N87: 77838.88 | O87: 1593924 | P87: позиция открыта на конец периода: переоценка по закрытию
A88: 83 | B88: OOS | C88: 2021-06-02 | D88: 2021-07-07 | E88: long | F88: 4484.96 | G88: 72.1184 | H88: 74.7837 | I88: да | J88: 2.21731 | K88: =IF(J88>0,"прибыль",IF(J88<0,"убыток","ноль")) -> прибыль | L88: =IF(C88="",L87,IF(J88<0,L87+1,0)) -> 0 | M88: 221.73 | N88: 9944.57 | O88: 1603868.6
A89: 84 | B89: OOS | C89: 2021-07-07 | D89: 2021-07-20 | E89: long | F89: 10639.43 | G89: 72.5504 | H89: 68.6246 | J89: -3.92927 | K89: =IF(J89>0,"прибыль",IF(J89<0,"убыток","ноль")) -> убыток | L89: =IF(C89="",L88,IF(J89<0,L88+1,0)) -> 1 | M89: -392.93 | N89: -41805.23 | O89: 1562063.3
A90: 85 | B90: OOS | C90: 2021-09-24 | D90: 2021-11-22 | E90: long | F90: 9263.73 | G90: 77.343 | H90: 78.4326 | I90: да | J90: 0.16766 | K90: =IF(J90>0,"прибыль",IF(J90<0,"убыток","ноль")) -> прибыль | L90: =IF(C90="",L89,IF(J90<0,L89+1,0)) -> 0 | M90: 16.77 | N90: 1553.11 | O90: 1563616.4
A91: 86 | B91: OOS | C91: 2021-11-29 | D91: 2021-12-28 | E91: short | F91: 5654.4 | G91: 73.8263 | H91: 78.8144 | I91: да | J91: -6.79573 | K91: =IF(J91>0,"прибыль",IF(J91<0,"убыток","ноль")) -> убыток | L91: =IF(C91="",L90,IF(J91<0,L90+1,0)) -> 1 | M91: -679.57 | N91: -38425.73 | O91: 1525190.7
A92: 87 | B92: OOS | C92: 2022-01-12 | D92: 2022-02-16 | E92: long | F92: 2003.99 | G92: 84.8187 | H92: 93.0201 | I92: да | J92: 10.00938 | K92: =IF(J92>0,"прибыль",IF(J92<0,"убыток","ноль")) -> прибыль | L92: =IF(C92="",L91,IF(J92<0,L91+1,0)) -> 0 | M92: 1000.94 | N92: 20058.75 | O92: 1545249.5
A93: 88 | B93: OOS | C93: 2022-02-16 | D93: 2022-03-03 | E93: long | F93: 4450.23 | G93: 82.9885 | H93: 114.2133 | I93: да | J93: 34.94512 | K93: =IF(J93>0,"прибыль",IF(J93<0,"убыток","ноль")) -> прибыль | L93: =IF(C93="",L92,IF(J93<0,L92+1,0)) -> 0 | M93: 3494.51 | N93: 155513.76 | O93: 1700763.2
A94: 89 | B94: OOS | C94: 2022-03-03 | D94: 2022-03-10 | E94: long | F94: 531.45 | G94: 79.2625 | H94: 119.7061 | J94: 40.43762 | K94: =IF(J94>0,"прибыль",IF(J94<0,"убыток","ноль")) -> прибыль | L94: =IF(C94="",L93,IF(J94<0,L93+1,0)) -> 0 | M94: 4043.76 | N94: 21490.5 | O94: 1722253.7
A95: 90 | B95: OOS | C95: 2022-03-10 | D95: 2022-03-24 | E95: long | F95: 397.34 | G95: 79.2625 | H95: 121.0817 | J95: 41.8131 | K95: =IF(J95>0,"прибыль",IF(J95<0,"убыток","ноль")) -> прибыль | L95: =IF(C95="",L94,IF(J95<0,L94+1,0)) -> 0 | M95: 4181.31 | N95: 16614.13 | O95: 1738867.8
A96: 91 | B96: OOS | C96: 2022-03-24 | D96: 2022-07-06 | E96: long | F96: 5165.38 | G96: 107.2729 | H96: 105.6688 | I96: да | J96: 9.99912 | K96: =IF(J96>0,"прибыль",IF(J96<0,"убыток","ноль")) -> прибыль | L96: =IF(C96="",L95,IF(J96<0,L95+1,0)) -> 0 | M96: 999.91 | N96: 51649.21 | O96: 1790517.1
A97: 92 | B97: OOS | C97: 2022-09-26 | D97: 2023-03-28 | E97: short | F97: 1854.73 | G97: 82.607 | H97: 78.0303 | I97: да | J97: 23.32975 | K97: =IF(J97>0,"прибыль",IF(J97<0,"убыток","ноль")) -> прибыль | L97: =IF(C97="",L96,IF(J97<0,L96+1,0)) -> 0 | M97: 2332.97 | N97: 43270.36 | O97: 1833787.4
A98: 93 | B98: OOS | C98: 2023-03-28 | D98: 2023-04-13 | E98: short | F98: 5593.24 | G98: 101.3856 | H98: 87.7259 | I98: да | J98: 22.04582 | K98: =IF(J98>0,"прибыль",IF(J98<0,"убыток","ноль")) -> прибыль | L98: =IF(C98="",L97,IF(J98<0,L97+1,0)) -> 0 | M98: 2204.58 | N98: 123307.48 | O98: 1957094.9
A99: 94 | B99: OOS | C99: 2023-05-04 | D99: 2023-07-12 | E99: short | F99: 7524.11 | G99: 75.3884 | H99: 79.5218 | I99: да | J99: -0.28597 | K99: =IF(J99>0,"прибыль",IF(J99<0,"убыток","ноль")) -> убыток | L99: =IF(C99="",L98,IF(J99<0,L98+1,0)) -> 1 | M99: -28.6 | N99: -2151.71 | O99: 1954943.2
A100: 95 | B100: OOS | C100: 2023-07-25 | D100: 2023-09-29 | E100: long | F100: 2923.19 | G100: 84.5693 | H100: 95.0423 | I100: да | J100: 8.27602 | K100: =IF(J100>0,"прибыль",IF(J100<0,"убыток","ноль")) -> прибыль | L100: =IF(C100="",L99,IF(J100<0,L99+1,0)) -> 0 | M100: 827.6 | N100: 24192.4 | O100: 1979135.6
A101: 96 | B101: OOS | C101: 2023-09-29 | D101: 2023-10-05 | E101: long | F101: 3211.85 | G101: 86.7431 | H101: 86.5446 | I101: да | J101: 3.73048 | K101: =IF(J101>0,"прибыль",IF(J101<0,"убыток","ноль")) -> прибыль | L101: =IF(C101="",L100,IF(J101<0,L100+1,0)) -> 0 | M101: 373.05 | N101: 11981.74 | O101: 1991117.3
...

Sheet 7F_3_Breakout_NG
A1: 3 Channel Breakout · NG · entry=20,exit_=10
A2: Параметры: лучший Шарп в выборке. Издержки ~7 б.п. за оборот вычтены.
A3: Каждая строка — исход по порядку закрытия. Пункт — единица котировки (BR: 1 USD за баррель, NG: 1 USD за MMBtu); плюс — прибыль, минус — убыток.
A5: № | B5: период | C5: вход | D5: выход | E5: направление | F5: объём, ед. актива | G5: цена входа | H5: цена выхода | I5: через ролл | J5: результат, пунктов | K5: исход | L5: серия убыточных подряд | M5: результат, шагов цены | N5: результат, USD | O5: итог, USD | P5: примечание
A6: 1 | B6: IS | C6: 2020-03-11 | D6: 2020-03-19 | E6: long | F6: 125652.75 | G6: 1.9282 | H6: 1.6301 | J6: -0.29825 | K6: =IF(J6>0,"прибыль",IF(J6<0,"убыток","ноль")) -> убыток | L6: =IF(AND(C6<>"",J6<0),1,0) -> 1 | M6: -298.25 | N6: -37475.61 | O6: -37475.61
A7: 2 | B7: IS | C7: 2020-04-21 | D7: 2020-05-14 | E7: long | F7: 93734.02 | G7: 1.9232 | H7: 1.6351 | I7: да | J7: -0.37514 | K7: =IF(J7>0,"прибыль",IF(J7<0,"убыток","ноль")) -> убыток | L7: =IF(C7="",L6,IF(J7<0,L6+1,0)) -> 2 | M7: -375.14 | N7: -35163.4 | O7: -72639.01
A8: 3 | B8: IS | C8: 2020-06-16 | D8: 2020-06-30 | E8: short | F8: 44555.81 | G8: 1.6668 | H8: 1.7117 | I8: да | J8: 0.0413 | K8: =IF(J8>0,"прибыль",IF(J8<0,"убыток","ноль")) -> прибыль | L8: =IF(C8="",L7,IF(J8<0,L7+1,0)) -> 0 | M8: 41.3 | N8: 1840.33 | O8: -70798.68
A9: 4 | B9: IS | C9: 2020-06-30 | D9: 2020-07-07 | E9: short | F9: 145839.61 | G9: 1.7534 | H9: 1.8392 | J9: -0.08582 | K9: =IF(J9>0,"прибыль",IF(J9<0,"убыток","ноль")) -> убыток | L9: =IF(C9="",L8,IF(J9<0,L8+1,0)) -> 1 | M9: -85.82 | N9: -12516.19 | O9: -83314.87
A10: 5 | B10: IS | C10: 2020-08-04 | D10: 2020-09-03 | E10: long | F10: 121044.81 | G10: 2.1877 | H10: 2.4975 | I10: да | J10: 0.08916 | K10: =IF(J10>0,"прибыль",IF(J10<0,"убыток","ноль")) -> прибыль | L10: =IF(C10="",L9,IF(J10<0,L9+1,0)) -> 0 | M10: 89.16 | N10: 10792.93 | O10: -72521.94
A11: 6 | B11: IS | C11: 2020-09-11 | D11: 2020-09-24 | E11: short | F11: 52609.61 | G11: 2.3075 | H11: 2.2064 | J11: 0.10074 | K11: =IF(J11>0,"прибыль",IF(J11<0,"убыток","ноль")) -> прибыль | L11: =IF(C11="",L10,IF(J11<0,L10+1,0)) -> 0 | M11: 100.74 | N11: 5300.11 | O11: -67221.83
A12: 7 | B12: IS | C12: 2020-09-24 | D12: 2020-10-13 | E12: short | F12: 52668.62 | G12: 2.3075 | H12: 2.8403 | I12: да | J12: 0.14704 | K12: =IF(J12>0,"прибыль",IF(J12<0,"убыток","ноль")) -> прибыль | L12: =IF(C12="",L11,IF(J12<0,L11+1,0)) -> 0 | M12: 147.04 | N12: 7744.22 | O12: -59477.61
A13: 8 | B13: IS | C13: 2020-10-22 | D13: 2020-11-05 | E13: long | F13: 79464.74 | G13: 3.0398 | H13: 3.045 | I13: да | J13: -0.26689 | K13: =IF(J13>0,"прибыль",IF(J13<0,"убыток","ноль")) -> убыток | L13: =IF(C13="",L12,IF(J13<0,L12+1,0)) -> 1 | M13: -266.89 | N13: -21208.28 | O13: -80685.89
A14: 9 | B14: IS | C14: 2020-11-17 | D14: 2020-12-23 | E14: short | F14: 102982.38 | G14: 2.6509 | H14: 2.7744 | I14: да | J14: 0.03957 | K14: =IF(J14>0,"прибыль",IF(J14<0,"убыток","ноль")) -> прибыль | L14: =IF(C14="",L13,IF(J14<0,L13+1,0)) -> 0 | M14: 39.57 | N14: 4075.29 | O14: -76610.6
A15: 10 | B15: IS | C15: 2021-02-17 | D15: 2021-03-10 | E15: long | F15: 109547.75 | G15: 3.0501 | H15: 2.6502 | I15: да | J15: -0.31667 | K15: =IF(J15>0,"прибыль",IF(J15<0,"убыток","ноль")) -> убыток | L15: =IF(C15="",L14,IF(J15<0,L14+1,0)) -> 1 | M15: -316.67 | N15: -34690.45 | O15: -111301.05
A16: 11 | B16: IS | C16: 2021-03-10 | D16: 2021-04-20 | E16: short | F16: 167390.23 | G16: 2.6033 | H16: 2.7433 | I16: да | J16: -0.05068 | K16: =IF(J16>0,"прибыль",IF(J16<0,"убыток","ноль")) -> убыток | L16: =IF(C16="",L15,IF(J16<0,L15+1,0)) -> 2 | M16: -50.68 | N16: -8482.85 | O16: -119783.9
A17: 12 | B17: IS | C17: 2021-04-20 | D17: 2021-04-21 | E17: long | F17: 0 | G17: 2.7433 | H17: 2.7189 | J17: -0.02453 | K17: =IF(J17>0,"прибыль",IF(J17<0,"убыток","ноль")) -> убыток | L17: =IF(C17="",L16,IF(J17<0,L16+1,0)) -> 3 | M17: -24.53 | N17: 0 | O17: -119783.9
A18: 13 | B18: IS | C18: 2021-04-21 | D18: 2021-05-18 | E18: long | F18: 50040.34 | G18: 2.7669 | H18: 3.1164 | I18: да | J18: 0.276 | K18: =IF(J18>0,"прибыль",IF(J18<0,"убыток","ноль")) -> прибыль | L18: =IF(C18="",L17,IF(J18<0,L17+1,0)) -> 0 | M18: 276 | N18: 13810.96 | O18: -105972.94
A19: 14 | B19: IS | C19: 2021-05-18 | D19: 2021-07-07 | E19: long | F19: 37519.98 | G19: 2.8401 | H19: 3.6742 | I19: да | J19: 0.6642 | K19: =IF(J19>0,"прибыль",IF(J19<0,"убыток","ноль")) -> прибыль | L19: =IF(C19="",L18,IF(J19<0,L18+1,0)) -> 0 | M19: 664.2 | N19: 24920.94 | O19: -81052
A20: 15 | B20: IS | C20: 2021-07-07 | D20: 2021-08-16 | E20: long | F20: 125320.39 | G20: 3.0098 | H20: 3.8495 | I20: да | J20: 0.86455 | K20: =IF(J20>0,"прибыль",IF(J20<0,"убыток","ноль")) -> прибыль | L20: =IF(C20="",L19,IF(J20<0,L19+1,0)) -> 0 | M20: 864.55 | N20: 108345.86 | O20: 27293.86
A21: 16 | B21: IS | C21: 2021-09-02 | D21: 2021-09-20 | E21: long | F21: 16727 | G21: 4.6353 | H21: 5.0459 | J21: 0.40928 | K21: =IF(J21>0,"прибыль",IF(J21<0,"убыток","ноль")) -> прибыль | L21: =IF(C21="",L20,IF(J21<0,L20+1,0)) -> 0 | M21: 409.28 | N21: 6846 | O21: 34139.86
A22: 17 | B22: IS | C22: 2021-09-20 | D22: 2021-09-28 | E22: long | F22: 16713.13 | G22: 4.6353 | H22: 5.6948 | J22: 1.05921 | K22: =IF(J22>0,"прибыль",IF(J22<0,"убыток","ноль")) -> прибыль | L22: =IF(C22="",L21,IF(J22<0,L21+1,0)) -> 0 | M22: 1059.21 | N22: 17702.7 | O22: 51842.56
A23: 18 | B23: IS | C23: 2021-09-28 | D23: 2021-10-05 | E23: long | F23: 9538.47 | G23: 4.6353 | H23: 5.8046 | I23: да | J23: 1.08283 | K23: =IF(J23>0,"прибыль",IF(J23<0,"убыток","ноль")) -> прибыль | L23: =IF(C23="",L22,IF(J23<0,L22+1,0)) -> 0 | M23: 1082.83 | N23: 10328.54 | O23: 62171.1
A24: 19 | B24: IS | C24: 2021-10-05 | D24: 2021-10-19 | E24: long | F24: 33473.33 | G24: 4.7214 | H24: 4.9555 | J24: 0.2338 | K24: =IF(J24>0,"прибыль",IF(J24<0,"убыток","ноль")) -> прибыль | L24: =IF(C24="",L23,IF(J24<0,L23+1,0)) -> 0 | M24: 233.8 | N24: 7826.14 | O24: 69997.24
A25: 20 | B25: IS | C25: 2021-11-10 | D25: 2022-01-11 | E25: short | F25: 60033.86 | G25: 4.481 | H25: 4.1514 | I25: да | J25: 0.39775 | K25: =IF(J25>0,"прибыль",IF(J25<0,"убыток","ноль")) -> прибыль | L25: =IF(C25="",L24,IF(J25<0,L24+1,0)) -> 0 | M25: 397.75 | N25: 23878.22 | O25: 93875.46
A26: 21 | B26: IS | C26: 2022-01-11 | D26: 2022-01-12 | E26: long | F26: 0 | G26: 4.1514 | H26: 4.2224 | J26: 0.07084 | K26: =IF(J26>0,"прибыль",IF(J26<0,"убыток","ноль")) -> прибыль | L26: =IF(C26="",L25,IF(J26<0,L25+1,0)) -> 0 | M26: 70.84 | N26: 0 | O26: 93875.46
A27: 22 | B27: IS | C27: 2022-01-12 | D27: 2022-01-13 | E27: long | F27: 16289.67 | G27: 4.1514 | H27: 4.8041 | J27: 0.65247 | K27: =IF(J27>0,"прибыль",IF(J27<0,"убыток","ноль")) -> прибыль | L27: =IF(C27="",L26,IF(J27<0,L26+1,0)) -> 0 | M27: 652.47 | N27: 10628.44 | O27: 104503.9
A28: 23 | B28: IS | C28: 2022-01-13 | D28: 2022-02-03 | E28: long | F28: 9129.15 | G28: 4.1514 | H28: 5.4162 | I28: да | J28: 1.1859 | K28: =IF(J28>0,"прибыль",IF(J28<0,"убыток","ноль")) -> прибыль | L28: =IF(C28="",L27,IF(J28<0,L27+1,0)) -> 0 | M28: 1185.9 | N28: 10826.27 | O28: 115330.18
A29: 24 | B29: IS | C29: 2022-02-03 | D29: 2022-02-10 | E29: long | F29: 30194.54 | G29: 4.23 | H29: 3.9881 | J29: -0.24206 | K29: =IF(J29>0,"прибыль",IF(J29<0,"убыток","ноль")) -> убыток | L29: =IF(C29="",L28,IF(J29<0,L28+1,0)) -> 1 | M29: -242.06 | N29: -7308.77 | O29: 108021.41
A30: 25 | B30: IS | C30: 2022-03-28 | D30: 2022-04-19 | E30: long | F30: 16837.67 | G30: 5.5184 | H30: 7.1895 | I30: да | J30: 2.00731 | K30: =IF(J30>0,"прибыль",IF(J30<0,"убыток","ноль")) -> прибыль | L30: =IF(C30="",L29,IF(J30<0,L29+1,0)) -> 0 | M30: 2007.31 | N30: 33798.45 | O30: 141819.86
A31: 26 | B31: IS | C31: 2022-04-19 | D31: 2022-04-27 | E31: long | F31: 14484.62 | G31: 5.1807 | H31: 6.8356 | J31: 1.65456 | K31: =IF(J31>0,"прибыль",IF(J31<0,"убыток","ноль")) -> прибыль | L31: =IF(C31="",L30,IF(J31<0,L30+1,0)) -> 0 | M31: 1654.56 | N31: 23965.64 | O31: 165785.5
A32: 27 | B32: IS | C32: 2022-04-27 | D32: 2022-05-05 | E32: long | F32: 10194.65 | G32: 5.1807 | H32: 7.6313 | I32: да | J32: 2.26116 | K32: =IF(J32>0,"прибыль",IF(J32<0,"убыток","ноль")) -> прибыль | L32: =IF(C32="",L31,IF(J32<0,L31+1,0)) -> 0 | M32: 2261.16 | N32: 23051.78 | O32: 188837.27
A33: 28 | B33: IS | C33: 2022-05-05 | D33: 2022-06-15 | E33: long | F33: 38437.29 | G33: 6.2528 | H33: 7.4956 | I33: да | J33: 1.33015 | K33: =IF(J33>0,"прибыль",IF(J33<0,"убыток","ноль")) -> прибыль | L33: =IF(C33="",L32,IF(J33<0,L32+1,0)) -> 0 | M33: 1330.15 | N33: 51127.5 | O33: 239964.78
A34: 29 | B34: IS | C34: 2022-06-21 | D34: 2022-07-15 | E34: short | F34: 35428.92 | G34: 6.7701 | H34: 6.7266 | I34: да | J34: 0.40736 | K34: =IF(J34>0,"прибыль",IF(J34<0,"убыток","ноль")) -> прибыль | L34: =IF(C34="",L33,IF(J34<0,L33+1,0)) -> 0 | M34: 407.36 | N34: 14432.24 | O34: 254397.01
A35: 30 | B35: IS | C35: 2022-07-21 | D35: 2022-09-07 | E35: long | F35: 32180.88 | G35: 8.149 | H35: 8.2545 | I35: да | J35: 0.55919 | K35: =IF(J35>0,"прибыль",IF(J35<0,"убыток","ноль")) -> прибыль | L35: =IF(C35="",L34,IF(J35<0,L34+1,0)) -> 0 | M35: 559.19 | N35: 17995.23 | O35: 272392.25
A36: 31 | B36: IS | C36: 2022-09-19 | D36: 2022-10-26 | E36: short | F36: 20380.38 | G36: 6.7404 | H36: 5.7217 | I36: да | J36: 1.55837 | K36: =IF(J36>0,"прибыль",IF(J36<0,"убыток","ноль")) -> прибыль | L36: =IF(C36="",L35,IF(J36<0,L35+1,0)) -> 0 | M36: 1558.37 | N36: 31760.17 | O36: 304152.41
A37: 32 | B37: IS | C37: 2022-10-26 | D37: 2022-11-08 | E37: short | F37: 38970.5 | G37: 7.2815 | H37: 6.7698 | I37: да | J37: 1.00632 | K37: =IF(J37>0,"прибыль",IF(J37<0,"убыток","ноль")) -> прибыль | L37: =IF(C37="",L36,IF(J37<0,L36+1,0)) -> 0 | M37: 1006.32 | N37: 39216.86 | O37: 343369.27
A38: 33 | B38: IS | C38: 2022-11-24 | D38: 2022-12-06 | E38: long | F38: 32069.31 | G38: 7.1402 | H38: 5.9067 | I38: да | J38: -1.56395 | K38: =IF(J38>0,"прибыль",IF(J38<0,"убыток","ноль")) -> убыток | L38: =IF(C38="",L37,IF(J38<0,L37+1,0)) -> 1 | M38: -1563.95 | N38: -50154.74 | O38: 293214.54
A39: 34 | B39: IS | C39: 2022-12-06 | D39: 2022-12-16 | E39: short | F39: 9502.13 | G39: 5.9067 | H39: 6.8721 | J39: -0.96567 | K39: =IF(J39>0,"прибыль",IF(J39<0,"убыток","ноль")) -> убыток | L39: =IF(C39="",L38,IF(J39<0,L38+1,0)) -> 2 | M39: -965.67 | N39: -9175.9 | O39: 284038.63
A40: 35 | B40: IS | C40: 2022-12-16 | D40: 2023-02-28 | E40: short | F40: 19432.42 | G40: 4.0172 | H40: 2.8047 | I40: да | J40: 1.88412 | K40: =IF(J40>0,"прибыль",IF(J40<0,"убыток","ноль")) -> прибыль | L40: =IF(C40="",L39,IF(J40<0,L39+1,0)) -> 0 | M40: 1884.12 | N40: 36613.1 | O40: 320651.73
A41: 36 | B41: IS | C41: 2023-02-28 | D41: 2023-04-18 | E41: short | F41: 146278.37 | G41: 3.0955 | H41: 2.3317 | I41: да | J41: 1.1494 | K41: =IF(J41>0,"прибыль",IF(J41<0,"убыток","ноль")) -> прибыль | L41: =IF(C41="",L40,IF(J41<0,L40+1,0)) -> 0 | M41: 1149.4 | N41: 168132.25 | O41: 488783.99
A42: 37 | B42: IS | C42: 2023-05-19 | D42: 2023-05-30 | E42: long | F42: 91105.18 | G42: 2.6145 | H42: 2.4046 | I42: да | J42: -0.39039 | K42: =IF(J42>0,"прибыль",IF(J42<0,"убыток","ноль")) -> убыток | L42: =IF(C42="",L41,IF(J42<0,L41+1,0)) -> 1 | M42: -390.39 | N42: -35566.86 | O42: 453217.13
A43: 38 | B43: IS | C43: 2023-06-02 | D43: 2023-06-16 | E43: short | F43: 113115.65 | G43: 2.2123 | H43: 2.5789 | J43: -0.3669 | K43: =IF(J43>0,"прибыль",IF(J43<0,"убыток","ноль")) -> убыток | L43: =IF(C43="",L42,IF(J43<0,L42+1,0)) -> 2 | M43: -366.9 | N43: -41502.42 | O43: 411714.71
A44: 39 | B44: IS | C44: 2023-06-26 | D44: 2023-08-03 | E44: long | F44: 130408.1 | G44: 2.7184 | H44: 2.5034 | I44: да | J44: -0.10972 | K44: =IF(J44>0,"прибыль",IF(J44<0,"убыток","ноль")) -> убыток | L44: =IF(C44="",L43,IF(J44<0,L43+1,0)) -> 3 | M44: -109.72 | N44: -14307.87 | O44: 397406.83
A45: 40 | B45: IS | C45: 2023-08-09 | D45: 2023-08-24 | E45: long | F45: 132989.91 | G45: 2.7863 | H45: 2.4883 | J45: -0.29824 | K45: =IF(J45>0,"прибыль",IF(J45<0,"убыток","ноль")) -> убыток | L45: =IF(C45="",L44,IF(J45<0,L44+1,0)) -> 4 | M45: -298.24 | N45: -39662.4 | O45: 357744.43
A46: 41 | B46: IS | C46: 2023-09-07 | D46: 2023-09-20 | E46: short | F46: 139979.34 | G46: 2.536 | H46: 2.8454 | J46: -0.30971 | K46: =IF(J46>0,"прибыль",IF(J46<0,"убыток","ноль")) -> убыток | L46: =IF(C46="",L45,IF(J46<0,L45+1,0)) -> 5 | M46: -309.71 | N46: -43352.95 | O46: 314391.48
A47: 42 | B47: IS | C47: 2023-10-06 | D47: 2023-10-23 | E47: long | F47: 109201.23 | G47: 3.1762 | H47: 2.9294 | J47: -0.24706 | K47: =IF(J47>0,"прибыль",IF(J47<0,"убыток","ноль")) -> убыток | L47: =IF(C47="",L46,IF(J47<0,L46+1,0)) -> 6 | M47: -247.06 | N47: -26979.14 | O47: 287412.34
A48: 43 | B48: IS | C48: 2023-11-21 | D48: 2023-12-18 | E48: short | F48: 46349.22 | G48: 2.7637 | H48: 2.5309 | I48: да | J48: 0.29435 | K48: =IF(J48>0,"прибыль",IF(J48<0,"убыток","ноль")) -> прибыль | L48: =IF(C48="",L47,IF(J48<0,L47+1,0)) -> 0 | M48: 294.35 | N48: 13643.1 | O48: 301055.44
A49: 44 | B49: IS | C49: 2023-12-18 | D49: 2023-12-22 | E49: short | F49: 34598.58 | G49: 2.826 | H49: 2.5838 | J49: 0.24205 | K49: =IF(J49>0,"прибыль",IF(J49<0,"убыток","ноль")) -> прибыль | L49: =IF(C49="",L48,IF(J49<0,L48+1,0)) -> 0 | M49: 242.05 | N49: 8374.59 | O49: 309430.03
A50: 45 | B50: IS | C50: 2023-12-22 | D50: 2023-12-29 | E50: short | F50: 116261.09 | G50: 2.826 | H50: 2.5599 | I50: да | J50: 0.19726 | K50: =IF(J50>0,"прибыль",IF(J50<0,"убыток","ноль")) -> прибыль | L50: =IF(C50="",L49,IF(J50<0,L49+1,0)) -> 0 | M50: 197.26 | N50: 22933.86 | O50: 332363.89
A51: 46 | B51: IS | C51: 2024-01-05 | D51: 2024-01-17 | E51: long | F51: 18778.57 | G51: 2.8111 | H51: 2.8215 | J51: 0.00961 | K51: =IF(J51>0,"прибыль",IF(J51<0,"убыток","ноль")) -> прибыль | L51: =IF(C51="",L50,IF(J51<0,L50+1,0)) -> 0 | M51: 9.61 | N51: 180.45 | O51: 332544.34
A52: 47 | B52: IS | C52: 2024-01-17 | D52: 2024-01-22 | E52: long | F52: 67921.41 | G52: 2.8111 | H52: 2.3264 | J52: -0.48474 | K52: =IF(J52>0,"прибыль",IF(J52<0,"убыток","ноль")) -> убыток | L52: =IF(C52="",L51,IF(J52<0,L51+1,0)) -> 1 | M52: -484.74 | N52: -32924.37 | O52: 299619.97
A53: 48 | B53: IS | D53: 2024-04-25 | E53: short | F53: 185980.05 | H53: 3.043 | J53: 0.40093 | K53: =IF(J53>0,"прибыль",IF(J53<0,"убыток","ноль")) -> прибыль | L53: =IF(C53="",L52,IF(J53<0,L52+1,0)) -> 1 | M53: 400.93 | N53: 74565.29 | O53: 374185.26 | P53: позиция открыта на конец периода: переоценка по закрытию
A54: 49 | B54: OOS | C54: 2024-06-13 | D54: 2024-07-01 | E54: long | F54: 75705.39 | G54: 3.0417 | H54: 2.5981 | I54: да | J54: -0.45056 | K54: =IF(J54>0,"прибыль",IF(J54<0,"убыток","ноль")) -> убыток | L54: =IF(C54="",L53,IF(J54<0,L53+1,0)) -> 2 | M54: -450.56 | N54: -34110 | O54: 340075.26
A55: 50 | B55: OOS | C55: 2024-07-02 | D55: 2024-09-13 | E55: short | F55: 151799.15 | G55: 2.3331 | H55: 2.3897 | I55: да | J55: 0.32543 | K55: =IF(J55>0,"прибыль",IF(J55<0,"убыток","ноль")) -> прибыль | L55: =IF(C55="",L54,IF(J55<0,L54+1,0)) -> 0 | M55: 325.43 | N55: 49400.58 | O55: 389475.84
A56: 51 | B56: OOS | C56: 2024-09-23 | D56: 2024-09-30 | E56: long | F56: 24598.8 | G56: 2.4696 | H56: 2.8871 | I56: да | J56: 0.29404 | K56: =IF(J56>0,"прибыль",IF(J56<0,"убыток","ноль")) -> прибыль | L56: =IF(C56="",L55,IF(J56<0,L55+1,0)) -> 0 | M56: 294.04 | N56: 7233.11 | O56: 396708.95
A57: 52 | B57: OOS | C57: 2024-09-30 | D57: 2024-10-10 | E57: long | F57: 90179.24 | G57: 2.5923 | H57: 2.6508 | J57: 0.05841 | K57: =IF(J57>0,"прибыль",IF(J57<0,"убыток","ноль")) -> прибыль | L57: =IF(C57="",L56,IF(J57<0,L56+1,0)) -> 0 | M57: 58.41 | N57: 5267.34 | O57: 401976.29
A58: 53 | B58: OOS | C58: 2024-10-21 | D58: 2024-11-12 | E58: short | F58: 20269.03 | G58: 2.2675 | H58: 2.9619 | I58: да | J58: -0.12561 | K58: =IF(J58>0,"прибыль",IF(J58<0,"убыток","ноль")) -> убыток | L58: =IF(C58="",L57,IF(J58<0,L57+1,0)) -> 1 | M58: -125.61 | N58: -2546.04 | O58: 399430.25
A59: 54 | B59: OOS | C59: 2024-11-12 | D59: 2024-11-21 | E59: short | F59: 76593.96 | G59: 2.8371 | H59: 3.3215 | J59: -0.48461 | K59: =IF(J59>0,"прибыль",IF(J59<0,"убыток","ноль")) -> убыток | L59: =IF(C59="",L58,IF(J59<0,L58+1,0)) -> 2 | M59: -484.61 | N59: -37118.55 | O59: 362311.71
A60: 55 | B60: OOS | C60: 2024-11-22 | D60: 2025-01-03 | E60: long | F60: 14534.4 | G60: 3.3776 | H60: 3.6566 | I60: да | J60: 0.57354 | K60: =IF(J60>0,"прибыль",IF(J60<0,"убыток","ноль")) -> прибыль | L60: =IF(C60="",L59,IF(J60<0,L59+1,0)) -> 0 | M60: 573.54 | N60: 8336.12 | O60: 370647.82
A61: 56 | B61: OOS | C61: 2025-01-03 | D61: 2025-01-08 | E61: long | F61: 10722.28 | G61: 3.0821 | H61: 3.598 | J61: 0.51568 | K61: =IF(J61>0,"прибыль",IF(J61<0,"убыток","ноль")) -> прибыль | L61: =IF(C61="",L60,IF(J61<0,L60+1,0)) -> 0 | M61: 515.68 | N61: 5529.25 | O61: 376177.08
A62: 57 | B62: OOS | C62: 2025-01-08 | D62: 2025-01-28 | E62: long | F62: 40928.43 | G62: 3.0821 | H62: 3.672 | J62: 0.58971 | K62: =IF(J62>0,"прибыль",IF(J62<0,"убыток","ноль")) -> прибыль | L62: =IF(C62="",L61,IF(J62<0,L61+1,0)) -> 0 | M62: 589.71 | N62: 24135.85 | O62: 400312.92
A63: 58 | B63: OOS | C63: 2025-01-31 | D63: 2025-02-12 | E63: short | F63: 61452.81 | G63: 3.1118 | H63: 3.5241 | J63: -0.41262 | K63: =IF(J63>0,"прибыль",IF(J63<0,"убыток","ноль")) -> убыток | L63: =IF(C63="",L62,IF(J63<0,L62+1,0)) -> 1 | M63: -412.62 | N63: -25356.55 | O63: 374956.37
A64: 59 | B64: OOS | C64: 2025-02-19 | D64: 2025-03-26 | E64: long | F64: 65023.19 | G64: 4.0314 | H64: 3.8741 | I64: да | J64: 0.0316 | K64: =IF(J64>0,"прибыль",IF(J64<0,"убыток","ноль")) -> прибыль | L64: =IF(C64="",L63,IF(J64<0,L63+1,0)) -> 0 | M64: 31.6 | N64: 2054.81 | O64: 377011.17
A65: 60 | B65: OOS | C65: 2025-04-07 | D65: 2025-06-03 | E65: short | F65: 75571.1 | G65: 3.6157 | H65: 3.7331 | I65: да | J65: 0.58141 | K65: =IF(J65>0,"прибыль",IF(J65<0,"убыток","ноль")) -> прибыль | L65: =IF(C65="",L64,IF(J65<0,L64+1,0)) -> 0 | M65: 581.41 | N65: 43938.1 | O65: 420949.27
A66: 61 | B66: OOS | C66: 2025-06-18 | D66: 2025-06-26 | E66: long | F66: 68165.37 | G66: 3.8819 | H66: 3.3982 | J66: -0.4841 | K66: =IF(J66>0,"прибыль",IF(J66<0,"убыток","ноль")) -> убыток | L66: =IF(C66="",L65,IF(J66<0,L65+1,0)) -> 1 | M66: -484.1 | N66: -32998.66 | O66: 387950.61
A67: 62 | B67: OOS | C67: 2025-07-01 | D67: 2025-09-04 | E67: short | F67: 169256.58 | G67: 3.0188 | H67: 3.0848 | I67: да | J67: 0.3556 | K67: =IF(J67>0,"прибыль",IF(J67<0,"убыток","ноль")) -> прибыль | L67: =IF(C67="",L66,IF(J67<0,L66+1,0)) -> 0 | M67: 355.6 | N67: 60187.89 | O67: 448138.49
A68: 63 | B68: OOS | C68: 2025-09-23 | D68: 2025-10-02 | E68: short | F68: 141548.88 | G68: 2.7952 | H68: 3.4499 | I68: да | J68: -0.37106 | K68: =IF(J68>0,"прибыль",IF(J68<0,"убыток","ноль")) -> убыток | L68: =IF(C68="",L67,IF(J68<0,L67+1,0)) -> 1 | M68: -371.06 | N68: -52522.79 | O68: 395615.7
A69: 64 | B69: OOS | C69: 2025-10-15 | D69: 2025-10-21 | E69: short | F69: 133912.8 | G69: 3.0037 | H69: 3.3948 | J69: -0.39141 | K69: =IF(J69>0,"прибыль",IF(J69<0,"убыток","ноль")) -> убыток | L69: =IF(C69="",L68,IF(J69<0,L68+1,0)) -> 2 | M69: -391.41 | N69: -52414.98 | O69: 343200.72
A70: 65 | B70: OOS | C70: 2025-11-01 | D70: 2025-12-09 | E70: long | F70: 26534.69 | G70: 4.2267 | H70: 4.8374 | I70: да | J70: 0.65627 | K70: =IF(J70>0,"прибыль",IF(J70<0,"убыток","ноль")) -> прибыль | L70: =IF(C70="",L69,IF(J70<0,L69+1,0)) -> 0 | M70: 656.27 | N70: 17413.98 | O70: 360614.7
A71: 66 | B71: OOS | C71: 2025-12-09 | D71: 2025-12-12 | E71: long | F71: 64344.33 | G71: 4.1802 | H71: 4.2338 | J71: 0.05342 | K71: =IF(J71>0,"прибыль",IF(J71<0,"убыток","ноль")) -> прибыль | L71: =IF(C71="",L70,IF(J71<0,L70+1,0)) -> 0 | M71: 53.42 | N71: 3437.13 | O71: 364051.82
A72: 67 | B72: OOS | C72: 2025-12-13 | D72: 2025-12-24 | E72: short | F72: 59462.63 | G72: 4.1111 | H72: 4.4215 | J72: -0.31086 | K72: =IF(J72>0,"прибыль",IF(J72<0,"убыток","ноль")) -> убыток | L72: =IF(C72="",L71,IF(J72<0,L71+1,0)) -> 1 | M72: -310.86 | N72: -18484.4 | O72: 345567.42
A73: 68 | B73: OOS | C73: 2026-01-12 | D73: 2026-01-20 | E73: short | F73: 18016.71 | G73: 3.2136 | H73: 3.6836 | J73: -0.47071 | K73: =IF(J73>0,"прибыль",IF(J73<0,"убыток","ноль")) -> убыток | L73: =IF(C73="",L72,IF(J73<0,L72+1,0)) -> 2 | M73: -470.71 | N73: -8480.59 | O73: 337086.83
A74: 69 | B74: OOS | C74: 2026-01-20 | D74: 2026-01-21 | E74: short | F74: 44891.85 | G74: 3.2136 | H74: 4.1887 | J74: -0.97532 | K74: =IF(J74>0,"прибыль",IF(J74<0,"убыток","ноль")) -> убыток | L74: =IF(C74="",L73,IF(J74<0,L73+1,0)) -> 3 | M74: -975.32 | N74: -43783.92 | O74: 293302.91
A75: 70 | B75: OOS | C75: 2026-01-22 | D75: 2026-01-27 | E75: long | F75: 7837.08 | G75: 5.3642 | H75: 6.5138 | J75: 1.14852 | K75: =IF(J75>0,"прибыль",IF(J75<0,"убыток","ноль")) -> прибыль | L75: =IF(C75="",L74,IF(J75<0,L74+1,0)) -> 0 | M75: 1148.52 | N75: 9001.07 | O75: 302303.98
A76: 71 | B76: OOS | C76: 2026-01-27 | D76: 2026-02-10 | E76: long | F76: 26963.96 | G76: 5.3642 | H76: 3.0943 | I76: да | J76: 0.102 | K76: =IF(J76>0,"прибыль",IF(J76<0,"убыток","ноль")) -> прибыль | L76: =IF(C76="",L75,IF(J76<0,L75+1,0)) -> 0 | M76: 102 | N76: 2750.25 | O76: 305054.23
A77: 72 | B77: OOS | C77: 2026-02-25 | D77: 2026-03-02 | E77: short | F77: 130503.38 | G77: 2.9105 | H77: 2.9447 | I77: да | J77: -0.08732 | K77: =IF(J77>0,"прибыль",IF(J77<0,"убыток","ноль")) -> убыток | L77: =IF(C77="",L76,IF(J77<0,L76+1,0)) -> 1 | M77: -87.32 | N77: -11396.09 | O77: 293658.14
A78: 73 | B78: OOS | C78: 2026-03-31 | D78: 2026-05-05 | E78: short | F78: 189780.9 | G78: 2.8159 | H78: 2.8605 | I78: да | J78: 0.13851 | K78: =IF(J78>0,"прибыль",IF(J78<0,"убыток","ноль")) -> прибыль | L78: =IF(C78="",L77,IF(J78<0,L77+1,0)) -> 0 | M78: 138.51 | N78: 26285.9 | O78: 319944.05
A79: 74 | B79: OOS | C79: 2026-05-16 | D79: 2026-07-10 | E79: long | F79: 149307.03 | G79: 2.9829 | H79: 3.0156 | I79: да | J79: -0.14384 | K79: =IF(J79>0,"прибыль",IF(J79<0,"убыток","ноль")) -> убыток | L79: =IF(C79="",L78,IF(J79<0,L78+1,0)) -> 1 | M79: -143.84 | N79: -21475.61 | O79: 298468.44
A80: 75 | B80: OOS | C80: 2026-07-10 | D80: 2026-09-23 | E80: short | F80: 231241.29 | G80: 2.9035 | H80: 3.0273 | I80: да | J80: 0.06137 | K80: =IF(J80>0,"прибыль",IF(J80<0,"убыток","ноль")) -> прибыль | L80: =IF(C80="",L79,IF(J80<0,L79+1,0)) -> 0 | M80: 61.37 | N80: 14191.6 | O80: 312660.04
A81: 76 | B81: OOS | C81: 2026-09-24 | D81: 2026-09-25 | E81: long | F81: 27362.77 | G81: 3.0574 | H81: 3.1778 | J81: 0.11953 | K81: =IF(J81>0,"прибыль",IF(J81<0,"убыток","ноль")) -> прибыль | L81: =IF(C81="",L80,IF(J81<0,L80+1,0)) -> 0 | M81: 119.53 | N81: 3270.64 | O81: 315930.68
A82: 77 | B82: OOS | D82: 2026-10-03 | E82: long | F82: 107897.23 | H82: 3.043 | J82: 0.03346 | K82: =IF(J82>0,"прибыль",IF(J82<0,"убыток","ноль")) -> прибыль | L82: =IF(C82="",L81,IF(J82<0,L81+1,0)) -> 0 | M82: 33.46 | N82: 3610.75 | O82: 319541.44 | P82: позиция открыта на конец периода: переоценка по закрытию

Sheet 7F_4_CrossSect_NGBR_NG
A1: 4 Cross-sectional momentum · NG · lookback=120
A2: Параметры: лучший Шарп в выборке. Издержки ~7 б.п. за оборот вычтены.
A3: Каждая строка — исход по порядку закрытия. Пункт — единица котировки (BR: 1 USD за баррель, NG: 1 USD за MMBtu); плюс — прибыль, минус — убыток.
A5: № | B5: период | C5: вход | D5: выход | E5: направление | F5: объём, ед. актива | G5: цена входа | H5: цена выхода | I5: через ролл | J5: результат, пунктов | K5: исход | L5: серия убыточных подряд | M5: результат, шагов цены | N5: результат, USD | O5: итог, USD | P5: примечание
A6: 1 | B6: IS | C6: 2020-07-30 | D6: 2020-08-04 | E6: long | F6: 31157.66 | G6: 1.9065 | H6: 2.0946 | J6: 0.18775 | K6: =IF(J6>0,"прибыль",IF(J6<0,"убыток","ноль")) -> прибыль | L6: =IF(AND(C6<>"",J6<0),1,0) -> 0 | M6: 187.75 | N6: 5849.78 | O6: 5849.78
A7: 2 | B7: IS | C7: 2020-08-04 | D7: 2020-09-10 | E7: long | F7: 60522.4 | G7: 2.0446 | H7: 2.3924 | I7: да | J7: 0.14149 | K7: =IF(J7>0,"прибыль",IF(J7<0,"убыток","ноль")) -> прибыль | L7: =IF(C7="",L6,IF(J7<0,L6+1,0)) -> 0 | M7: 141.49 | N7: 8563.46 | O7: 14413.24
A8: 3 | B8: IS | C8: 2020-09-10 | D8: 2020-09-11 | E8: short | F8: 59377.94 | G8: 2.3924 | H8: 2.3165 | J8: 0.0757 | K8: =IF(J8>0,"прибыль",IF(J8<0,"убыток","ноль")) -> прибыль | L8: =IF(C8="",L7,IF(J8<0,L7+1,0)) -> 0 | M8: 75.7 | N8: 4495.05 | O8: 18908.29
A9: 4 | B9: IS | C9: 2020-09-11 | D9: 2020-09-14 | E9: long | F9: 60398.99 | G9: 2.3165 | H9: 2.316 | J9: -0.00075 | K9: =IF(J9>0,"прибыль",IF(J9<0,"убыток","ноль")) -> убыток | L9: =IF(C9="",L8,IF(J9<0,L8+1,0)) -> 1 | M9: -0.75 | N9: -45.29 | O9: 18863
A10: 5 | B10: IS | C10: 2020-09-14 | D10: 2020-09-15 | E10: short | F10: 70546.45 | G10: 2.316 | H10: 2.312 | J10: 0.00373 | K10: =IF(J10>0,"прибыль",IF(J10<0,"убыток","ноль")) -> прибыль | L10: =IF(C10="",L9,IF(J10<0,L9+1,0)) -> 0 | M10: 3.73 | N10: 263.15 | O10: 19126.15
A11: 6 | B11: IS | C11: 2020-09-15 | D11: 2020-09-16 | E11: long | F11: 68549.22 | G11: 2.312 | H11: 2.3818 | J11: 0.06956 | K11: =IF(J11>0,"прибыль",IF(J11<0,"убыток","ноль")) -> прибыль | L11: =IF(C11="",L10,IF(J11<0,L10+1,0)) -> 0 | M11: 69.56 | N11: 4768.09 | O11: 23894.24
A12: 7 | B12: IS | C12: 2020-09-16 | D12: 2020-09-24 | E12: short | F12: 32120.18 | G12: 2.3818 | H12: 2.2064 | J12: 0.17532 | K12: =IF(J12>0,"прибыль",IF(J12<0,"убыток","ноль")) -> прибыль | L12: =IF(C12="",L11,IF(J12<0,L11+1,0)) -> 0 | M12: 175.32 | N12: 5631.41 | O12: 29525.65
A13: 8 | B13: IS | C13: 2020-09-24 | D13: 2020-09-28 | E13: short | F13: 34094.18 | G13: 2.3818 | H13: 2.1452 | J13: 0.23642 | K13: =IF(J13>0,"прибыль",IF(J13<0,"убыток","ноль")) -> прибыль | L13: =IF(C13="",L12,IF(J13<0,L12+1,0)) -> 0 | M13: 236.42 | N13: 8060.49 | O13: 37586.14
A14: 9 | B14: IS | C14: 2020-09-28 | D14: 2020-09-29 | E14: long | F14: 27074.9 | G14: 2.1452 | H14: 2.7587 | I14: да | J14: -0.01889 | K14: =IF(J14>0,"прибыль",IF(J14<0,"убыток","ноль")) -> убыток | L14: =IF(C14="",L13,IF(J14<0,L13+1,0)) -> 1 | M14: -18.89 | N14: -511.56 | O14: 37074.58
A15: 10 | B15: IS | C15: 2020-09-29 | D15: 2021-02-05 | E15: short | F15: 12168.74 | G15: 2.7072 | H15: 2.9746 | I15: да | J15: 0.38633 | K15: =IF(J15>0,"прибыль",IF(J15<0,"убыток","ноль")) -> прибыль | L15: =IF(C15="",L14,IF(J15<0,L14+1,0)) -> 0 | M15: 386.33 | N15: 4701.12 | O15: 41775.7
A16: 11 | B16: IS | C16: 2021-02-05 | D16: 2021-05-19 | E16: short | F16: 26132.76 | G16: 2.967 | H16: 3.0068 | I16: да | J16: 0.05664 | K16: =IF(J16>0,"прибыль",IF(J16<0,"убыток","ноль")) -> прибыль | L16: =IF(C16="",L15,IF(J16<0,L15+1,0)) -> 0 | M16: 56.64 | N16: 1480.14 | O16: 43255.84
A17: 12 | B17: IS | C17: 2021-05-19 | D17: 2021-07-08 | E17: short | F17: 15022.47 | G17: 3.0639 | H17: 3.5749 | I17: да | J17: -0.32808 | K17: =IF(J17>0,"прибыль",IF(J17<0,"убыток","ноль")) -> убыток | L17: =IF(C17="",L16,IF(J17<0,L16+1,0)) -> 1 | M17: -328.08 | N17: -4928.54 | O17: 38327.29
A18: 13 | B18: IS | C18: 2021-07-08 | D18: 2021-07-20 | E18: short | F18: 59939.53 | G18: 3.247 | H18: 3.7568 | J18: -0.51017 | K18: =IF(J18>0,"прибыль",IF(J18<0,"убыток","ноль")) -> убыток | L18: =IF(C18="",L17,IF(J18<0,L17+1,0)) -> 2 | M18: -510.17 | N18: -30579.26 | O18: 7748.03
A19: 14 | B19: IS | C19: 2021-07-20 | D19: 2021-07-22 | E19: long | F19: 62628.29 | G19: 3.7568 | H19: 3.9017 | J19: 0.14458 | K19: =IF(J19>0,"прибыль",IF(J19<0,"убыток","ноль")) -> прибыль | L19: =IF(C19="",L18,IF(J19<0,L18+1,0)) -> 0 | M19: 144.58 | N19: 9054.64 | O19: 16802.67
A20: 15 | B20: IS | C20: 2021-07-22 | D20: 2021-07-26 | E20: short | F20: 55748.17 | G20: 3.9017 | H20: 4.0403 | J20: -0.13895 | K20: =IF(J20>0,"прибыль",IF(J20<0,"убыток","ноль")) -> убыток | L20: =IF(C20="",L19,IF(J20<0,L19+1,0)) -> 1 | M20: -138.95 | N20: -7746.25 | O20: 9056.42
A21: 16 | B21: IS | C21: 2021-07-26 | D21: 2021-07-27 | E21: long | F21: 56321.01 | G21: 4.0403 | H21: 4.0857 | J21: 0.04499 | K21: =IF(J21>0,"прибыль",IF(J21<0,"убыток","ноль")) -> прибыль | L21: =IF(C21="",L20,IF(J21<0,L20+1,0)) -> 0 | M21: 44.99 | N21: 2533.77 | O21: 11590.2
A22: 17 | B22: IS | C22: 2021-07-27 | D22: 2021-07-28 | E22: short | F22: 0 | G22: 4.0857 | H22: 3.9774 | J22: 0.10802 | K22: =IF(J22>0,"прибыль",IF(J22<0,"убыток","ноль")) -> прибыль | L22: =IF(C22="",L21,IF(J22<0,L21+1,0)) -> 0 | M22: 108.02 | N22: 0 | O22: 11590.2
A23: 18 | B23: IS | C23: 2021-07-28 | D23: 2021-07-30 | E23: short | F23: 56183.04 | G23: 4.0857 | H23: 4.0454 | I23: да | J23: 0.00591 | K23: =IF(J23>0,"прибыль",IF(J23<0,"убыток","ноль")) -> прибыль | L23: =IF(C23="",L22,IF(J23<0,L22+1,0)) -> 0 | M23: 5.91 | N23: 331.88 | O23: 11922.07
A24: 19 | B24: IS | C24: 2021-07-30 | D24: 2021-08-02 | E24: long | F24: 54413.44 | G24: 4.0454 | H24: 3.9324 | J24: -0.11339 | K24: =IF(J24>0,"прибыль",IF(J24<0,"убыток","ноль")) -> убыток | L24: =IF(C24="",L23,IF(J24<0,L23+1,0)) -> 1 | M24: -113.39 | N24: -6169.86 | O24: 5752.21
A25: 20 | B25: IS | C25: 2021-08-02 | D25: 2021-08-03 | E25: short | F25: 0 | G25: 3.9324 | H25: 3.9766 | J25: -0.04437 | K25: =IF(J25>0,"прибыль",IF(J25<0,"убыток","ноль")) -> убыток | L25: =IF(C25="",L24,IF(J25<0,L24+1,0)) -> 2 | M25: -44.37 | N25: 0 | O25: 5752.21
A26: 21 | B26: IS | C26: 2021-08-03 | D26: 2021-08-04 | E26: short | F26: 52200.93 | G26: 3.9324 | H26: 4.0656 | J26: -0.13359 | K26: =IF(J26>0,"прибыль",IF(J26<0,"убыток","ноль")) -> убыток | L26: =IF(C26="",L25,IF(J26<0,L25+1,0)) -> 3 | M26: -133.59 | N26: -6973.63 | O26: -1221.42
A27: 22 | B27: IS | C27: 2021-08-04 | D27: 2021-08-05 | E27: long | F27: 0 | G27: 4.0656 | H27: 4.1614 | J27: 0.09564 | K27: =IF(J27>0,"прибыль",IF(J27<0,"убыток","ноль")) -> прибыль | L27: =IF(C27="",L26,IF(J27<0,L26+1,0)) -> 0 | M27: 95.64 | N27: 0 | O27: -1221.42
A28: 23 | B28: IS | C28: 2021-08-05 | D28: 2021-08-12 | E28: long | F28: 52496.07 | G28: 4.0656 | H28: 4.0456 | J28: -0.02039 | K28: =IF(J28>0,"прибыль",IF(J28<0,"убыток","ноль")) -> убыток | L28: =IF(C28="",L27,IF(J28<0,L27+1,0)) -> 1 | M28: -20.39 | N28: -1070.6 | O28: -2292.02
A29: 24 | B29: IS | C29: 2021-08-12 | D29: 2021-08-13 | E29: short | F29: 54903.58 | G29: 4.0456 | H29: 3.9165 | J29: 0.12873 | K29: =IF(J29>0,"прибыль",IF(J29<0,"убыток","ноль")) -> прибыль | L29: =IF(C29="",L28,IF(J29<0,L28+1,0)) -> 0 | M29: 128.73 | N29: 7067.97 | O29: 4775.95
A30: 25 | B30: IS | C30: 2021-08-13 | D30: 2021-09-02 | E30: long | F30: 11701.29 | G30: 3.9165 | H30: 4.6207 | I30: да | J30: 0.49713 | K30: =IF(J30>0,"прибыль",IF(J30<0,"убыток","ноль")) -> прибыль | L30: =IF(C30="",L29,IF(J30<0,L29+1,0)) -> 0 | M30: 497.13 | N30: 5817.08 | O30: 10593.03
A31: 26 | B31: IS | C31: 2021-09-02 | D31: 2021-09-20 | E31: long | F31: 8363.5 | G31: 4.1233 | H31: 5.0459 | J31: 0.92235 | K31: =IF(J31>0,"прибыль",IF(J31<0,"убыток","ноль")) -> прибыль | L31: =IF(C31="",L30,IF(J31<0,L30+1,0)) -> 0 | M31: 922.35 | N31: 7714.12 | O31: 18307.14
A32: 27 | B32: IS | C32: 2021-09-20 | D32: 2021-09-28 | E32: long | F32: 8356.56 | G32: 4.1233 | H32: 5.6948 | J32: 1.57122 | K32: =IF(J32>0,"прибыль",IF(J32<0,"убыток","ноль")) -> прибыль | L32: =IF(C32="",L31,IF(J32<0,L31+1,0)) -> 0 | M32: 1571.22 | N32: 13129.96 | O32: 31437.11
A33: 28 | B33: IS | C33: 2021-09-28 | D33: 2021-10-05 | E33: long | F33: 4769.23 | G33: 4.1233 | H33: 5.8046 | I33: да | J33: 1.60435 | K33: =IF(J33>0,"прибыль",IF(J33<0,"убыток","ноль")) -> прибыль | L33: =IF(C33="",L32,IF(J33<0,L32+1,0)) -> 0 | M33: 1604.35 | N33: 7651.51 | O33: 39088.62
A34: 29 | B34: IS | C34: 2021-10-05 | D34: 2021-10-26 | E34: long | F34: 3407.98 | G34: 4.1999 | H34: 5.9809 | J34: 1.78072 | K34: =IF(J34>0,"прибыль",IF(J34<0,"убыток","ноль")) -> прибыль | L34: =IF(C34="",L33,IF(J34<0,L33+1,0)) -> 0 | M34: 1780.72 | N34: 6068.67 | O34: 45157.29
A35: 30 | B35: IS | C35: 2021-10-26 | D35: 2021-12-07 | E35: long | F35: 21614.27 | G35: 4.3634 | H35: 3.6817 | I35: да | J35: -1.17066 | K35: =IF(J35>0,"прибыль",IF(J35<0,"убыток","ноль")) -> убыток | L35: =IF(C35="",L34,IF(J35<0,L34+1,0)) -> 1 | M35: -1170.66 | N35: -25302.89 | O35: 19854.4
A36: 31 | B36: IS | C36: 2021-12-07 | D36: 2022-01-13 | E36: short | F36: 13195.86 | G36: 3.6788 | H36: 4.8299 | I36: да | J36: -1.33568 | K36: =IF(J36>0,"прибыль",IF(J36<0,"убыток","ноль")) -> убыток | L36: =IF(C36="",L35,IF(J36<0,L35+1,0)) -> 2 | M36: -1335.68 | N36: -17625.43 | O36: 2228.96
A37: 32 | B37: IS | C37: 2022-01-13 | D37: 2022-02-03 | E37: short | F37: 4564.58 | G37: 3.4946 | H37: 5.4498 | I37: да | J37: -1.88935 | K37: =IF(J37>0,"прибыль",IF(J37<0,"убыток","ноль")) -> убыток | L37: =IF(C37="",L36,IF(J37<0,L36+1,0)) -> 3 | M37: -1889.35 | N37: -8624.08 | O37: -6395.11
A38: 33 | B38: IS | C38: 2022-02-03 | D38: 2022-04-19 | E38: short | F38: 11038.57 | G38: 4.6181 | H38: 7.2105 | I38: да | J38: -2.8046 | K38: =IF(J38>0,"прибыль",IF(J38<0,"убыток","ноль")) -> убыток | L38: =IF(C38="",L37,IF(J38<0,L37+1,0)) -> 4 | M38: -2804.6 | N38: -30958.73 | O38: -37353.84
A39: 34 | B39: IS | C39: 2022-04-19 | D39: 2022-04-27 | E39: short | F39: 7242.31 | G39: 4.4068 | H39: 6.8624 | J39: -2.45593 | K39: =IF(J39>0,"прибыль",IF(J39<0,"убыток","ноль")) -> убыток | L39: =IF(C39="",L38,IF(J39<0,L38+1,0)) -> 5 | M39: -2455.93 | N39: -17786.59 | O39: -55140.43
A40: 35 | B40: IS | C40: 2022-04-27 | D40: 2022-05-05 | E40: short | F40: 5097.33 | G40: 4.4068 | H40: 7.6687 | I40: да | J40: -3.10141 | K40: =IF(J40>0,"прибыль",IF(J40<0,"убыток","ноль")) -> убыток | L40: =IF(C40="",L39,IF(J40<0,L39+1,0)) -> 6 | M40: -3101.41 | N40: -15808.92 | O40: -70949.35
A41: 36 | B41: IS | C41: 2022-05-05 | D41: 2022-05-06 | E41: short | F41: 14165 | G41: 4.5676 | H41: 7.8802 | J41: -3.31334 | K41: =IF(J41>0,"прибыль",IF(J41<0,"убыток","ноль")) -> убыток | L41: =IF(C41="",L40,IF(J41<0,L40+1,0)) -> 7 | M41: -3313.34 | N41: -46933.43 | O41: -117882.78
A42: 37 | B42: IS | C42: 2022-05-06 | D42: 2022-05-12 | E42: long | F42: 13697.33 | G42: 7.8802 | H42: 7.5298 | J42: -0.35118 | K42: =IF(J42>0,"прибыль",IF(J42<0,"убыток","ноль")) -> убыток | L42: =IF(C42="",L41,IF(J42<0,L41+1,0)) -> 8 | M42: -351.18 | N42: -4810.25 | O42: -122693.03
A43: 38 | B43: IS | C43: 2022-05-12 | D43: 2022-05-13 | E43: short | F43: 13462.94 | G43: 7.5298 | H43: 7.6493 | J43: -0.12034 | K43: =IF(J43>0,"прибыль",IF(J43<0,"убыток","ноль")) -> убыток | L43: =IF(C43="",L42,IF(J43<0,L42+1,0)) -> 9 | M43: -120.34 | N43: -1620.19 | O43: -124313.22
A44: 39 | B44: IS | C44: 2022-05-13 | D44: 2022-05-16 | E44: long | F44: 13588.33 | G44: 7.6493 | H44: 7.5509 | J44: -0.09918 | K44: =IF(J44>0,"прибыль",IF(J44<0,"убыток","ноль")) -> убыток | L44: =IF(C44="",L43,IF(J44<0,L43+1,0)) -> 10 | M44: -99.18 | N44: -1347.66 | O44: -125660.88
A45: 40 | B45: IS | C45: 2022-05-16 | D45: 2022-05-19 | E45: short | F45: 13772.56 | G45: 7.5509 | H45: 8.0803 | J45: -0.53013 | K45: =IF(J45>0,"прибыль",IF(J45<0,"убыток","ноль")) -> убыток | L45: =IF(C45="",L44,IF(J45<0,L44+1,0)) -> 11 | M45: -530.13 | N45: -7301.19 | O45: -132962.06
A46: 41 | B46: IS | C46: 2022-05-19 | D46: 2022-05-20 | E46: long | F46: 12833.45 | G46: 8.0803 | H46: 8.1596 | J46: 0.07854 | K46: =IF(J46>0,"прибыль",IF(J46<0,"убыток","ноль")) -> прибыль | L46: =IF(C46="",L45,IF(J46<0,L45+1,0)) -> 0 | M46: 78.54 | N46: 1007.9 | O46: -131954.16
A47: 42 | B47: IS | C47: 2022-05-20 | D47: 2022-05-23 | E47: short | F47: 12652.02 | G47: 8.1596 | H47: 8.0858 | J47: 0.07299 | K47: =IF(J47>0,"прибыль",IF(J47<0,"убыток","ноль")) -> прибыль | L47: =IF(C47="",L46,IF(J47<0,L46+1,0)) -> 0 | M47: 72.99 | N47: 923.41 | O47: -131030.75
A48: 43 | B48: IS | C48: 2022-05-23 | D48: 2022-05-27 | E48: long | F48: 14269.22 | G48: 8.0858 | H48: 8.8246 | I48: да | J48: 0.85151 | K48: =IF(J48>0,"прибыль",IF(J48<0,"убыток","ноль")) -> прибыль | L48: =IF(C48="",L47,IF(J48<0,L47+1,0)) -> 0 | M48: 851.51 | N48: 12150.42 | O48: -118880.33
A49: 44 | B49: IS | C49: 2022-05-27 | D49: 2022-05-30 | E49: short | F49: 12894.92 | G49: 8.8246 | H49: 8.6973 | J49: 0.12642 | K49: =IF(J49>0,"прибыль",IF(J49<0,"убыток","ноль")) -> прибыль | L49: =IF(C49="",L48,IF(J49<0,L48+1,0)) -> 0 | M49: 126.42 | N49: 1630.13 | O49: -117250.2
A50: 45 | B50: IS | C50: 2022-05-30 | D50: 2022-06-15 | E50: long | F50: 4061.51 | G50: 8.7117 | H50: 7.4956 | J50: -1.2172 | K50: =IF(J50>0,"прибыль",IF(J50<0,"убыток","ноль")) -> убыток | L50: =IF(C50="",L49,IF(J50<0,L49+1,0)) -> 1 | M50: -1217.2 | N50: -4943.65 | O50: -122193.85
A51: 46 | B51: IS | C51: 2022-06-15 | D51: 2022-06-28 | E51: long | F51: 18668.32 | G51: 8.2261 | H51: 6.3465 | J51: -1.88031 | K51: =IF(J51>0,"прибыль",IF(J51<0,"убыток","ноль")) -> убыток | L51: =IF(C51="",L50,IF(J51<0,L50+1,0)) -> 2 | M51: -1880.31 | N51: -35102.15 | O51: -157296.01
A52: 47 | B52: IS | C52: 2022-06-28 | D52: 2022-07-14 | E52: short | F52: 17574.43 | G52: 6.3465 | H52: 6.5892 | I52: да | J52: 0.09847 | K52: =IF(J52>0,"прибыль",IF(J52<0,"убыток","ноль")) -> прибыль | L52: =IF(C52="",L51,IF(J52<0,L51+1,0)) -> 0 | M52: 98.47 | N52: 1730.61 | O52: -155565.39
A53: 48 | B53: IS | C53: 2022-07-14 | D53: 2022-07-26 | E53: long | F53: 3876.67 | G53: 6.5892 | H53: 8.704 | J53: 2.11437 | K53: =IF(J53>0,"прибыль",IF(J53<0,"убыток","ноль")) -> прибыль | L53: =IF(C53="",L52,IF(J53<0,L52+1,0)) -> 0 | M53: 2114.37 | N53: 8196.71 | O53: -147368.69
A54: 49 | B54: IS | C54: 2022-07-26 | D54: 2022-10-04 | E54: long | F54: 16270.84 | G54: 7.3717 | H54: 6.6795 | I54: да | J54: -0.84066 | K54: =IF(J54>0,"прибыль",IF(J54<0,"убыток","ноль")) -> убыток | L54: =IF(C54="",L53,IF(J54<0,L53+1,0)) -> 1 | M54: -840.66 | N54: -13678.18 | O54: -161046.87
A55: 50 | B55: IS | C55: 2022-10-04 | D55: 2022-10-26 | E55: short | F55: 10190.19 | G55: 6.4103 | H55: 5.7217 | J55: 0.68788 | K55: =IF(J55>0,"прибыль",IF(J55<0,"убыток","ноль")) -> прибыль | L55: =IF(C55="",L54,IF(J55<0,L54+1,0)) -> 0 | M55: 687.88 | N55: 7009.64 | O55: -154037.23
A56: 51 | B56: IS | C56: 2022-10-26 | D56: 2022-11-08 | E56: short | F56: 6600.91 | G56: 6.4103 | H56: 6.7698 | I56: да | J56: 0.07588 | K56: =IF(J56>0,"прибыль",IF(J56<0,"убыток","ноль")) -> прибыль | L56: =IF(C56="",L55,IF(J56<0,L55+1,0)) -> 0 | M56: 75.88 | N56: 500.86 | O56: -153536.37
A57: 52 | B57: IS | C57: 2022-11-08 | D57: 2022-12-01 | E57: short | F57: 12316.14 | G57: 6.846 | H57: 7.0988 | I57: да | J57: 0.06226 | K57: =IF(J57>0,"прибыль",IF(J57<0,"убыток","ноль")) -> прибыль | L57: =IF(C57="",L56,IF(J57<0,L56+1,0)) -> 0 | M57: 62.26 | N57: 766.78 | O57: -152769.58
A58: 53 | B58: IS | C58: 2022-12-01 | D58: 2022-12-02 | E58: long | F58: 15607.18 | G58: 7.0988 | H58: 6.9406 | J58: -0.15887 | K58: =IF(J58>0,"прибыль",IF(J58<0,"убыток","ноль")) -> убыток | L58: =IF(C58="",L57,IF(J58<0,L57+1,0)) -> 1 | M58: -158.87 | N58: -2479.56 | O58: -155249.14
A59: 54 | B59: IS | C59: 2022-12-02 | D59: 2022-12-09 | E59: short | F59: 20024.55 | G59: 6.7346 | H59: 6.1544 | J59: 0.57954 | K59: =IF(J59>0,"прибыль",IF(J59<0,"убыток","ноль")) -> прибыль | L59: =IF(C59="",L58,IF(J59<0,L58+1,0)) -> 0 | M59: 579.54 | N59: 11604.98 | O59: -143644.16
A60: 55 | B60: IS | C60: 2022-12-09 | D60: 2022-12-16 | E60: long | F60: 4520.56 | G60: 6.1544 | H60: 6.8379 | J60: 0.68318 | K60: =IF(J60>0,"прибыль",IF(J60<0,"убыток","ноль")) -> прибыль | L60: =IF(C60="",L59,IF(J60<0,L59+1,0)) -> 0 | M60: 683.18 | N60: 3088.34 | O60: -140555.82
A61: 56 | B61: IS | C61: 2022-12-16 | D61: 2022-12-23 | E61: long | F61: 15273.48 | G61: 6.1544 | H61: 5.1819 | J61: -0.97312 | K61: =IF(J61>0,"прибыль",IF(J61<0,"убыток","ноль")) -> убыток | L61: =IF(C61="",L60,IF(J61<0,L60+1,0)) -> 1 | M61: -973.12 | N61: -14862.94 | O61: -155418.76
A62: 57 | B62: IS | C62: 2022-12-23 | D62: 2023-01-24 | E62: short | F62: 8061.26 | G62: 4.5027 | H62: 3.5193 | I62: да | J62: 0.79952 | K62: =IF(J62>0,"прибыль",IF(J62<0,"убыток","ноль")) -> прибыль | L62: =IF(C62="",L61,IF(J62<0,L61+1,0)) -> 0 | M62: 799.52 | N62: 6445.14 | O62: -148973.62
A63: 58 | B63: IS | C63: 2023-01-24 | D63: 2023-02-28 | E63: short | F63: 9716.21 | G63: 3.4218 | H63: 2.8047 | I63: да | J63: 1.35887 | K63: =IF(J63>0,"прибыль",IF(J63<0,"убыток","ноль")) -> прибыль | L63: =IF(C63="",L62,IF(J63<0,L62+1,0)) -> 0 | M63: 1358.87 | N63: 13203.11 | O63: -135770.5
A64: 59 | B64: IS | C64: 2023-02-28 | D64: 2023-04-18 | E64: short | F64: 15694.8 | G64: 2.8836 | H64: 2.3317 | I64: да | J64: 0.91088 | K64: =IF(J64>0,"прибыль",IF(J64<0,"убыток","ноль")) -> прибыль | L64: =IF(C64="",L63,IF(J64<0,L63+1,0)) -> 0 | M64: 910.88 | N64: 14296.1 | O64: -121474.41
A65: 60 | B65: IS | C65: 2023-04-18 | D65: 2023-08-10 | E65: short | F65: 22392.3 | G65: 2.9552 | H65: 2.9849 | I65: да | J65: 0.17867 | K65: =IF(J65>0,"прибыль",IF(J65<0,"убыток","ноль")) -> прибыль | L65: =IF(C65="",L64,IF(J65<0,L64+1,0)) -> 0 | M65: 178.67 | N65: 4000.93 | O65: -117473.48
A66: 61 | B66: IS | C66: 2023-08-10 | D66: 2023-08-15 | E66: short | F66: 56838.84 | G66: 3.1639 | H66: 2.8541 | J66: 0.30957 | K66: =IF(J66>0,"прибыль",IF(J66<0,"убыток","ноль")) -> прибыль | L66: =IF(C66="",L65,IF(J66<0,L65+1,0)) -> 0 | M66: 309.57 | N66: 17595.84 | O66: -99877.64
A67: 62 | B67: IS | C67: 2023-08-15 | D67: 2023-08-17 | E67: long | F67: 55091.52 | G67: 2.8541 | H67: 2.6 | J67: -0.25427 | K67: =IF(J67>0,"прибыль",IF(J67<0,"убыток","ноль")) -> убыток | L67: =IF(C67="",L66,IF(J67<0,L66+1,0)) -> 1 | M67: -254.27 | N67: -14007.97 | O67: -113885.61
A68: 63 | B68: IS | C68: 2023-08-17 | D68: 2023-09-19 | E68: short | F68: 69989.67 | G68: 2.5563 | H68: 2.7472 | I68: да | J68: -0.07517 | K68: =IF(J68>0,"прибыль",IF(J68<0,"убыток","ноль")) -> убыток | L68: =IF(C68="",L67,IF(J68<0,L67+1,0)) -> 2 | M68: -75.17 | N68: -5261.25 | O68: -119146.86
A69: 64 | B69: IS | C69: 2023-09-19 | D69: 2023-09-20 | E69: long | F69: 0 | G69: 2.7472 | H69: 2.8366 | J69: 0.08929 | K69: =IF(J69>0,"прибыль",IF(J69<0,"убыток","ноль")) -> прибыль | L69: =IF(C69="",L68,IF(J69<0,L68+1,0)) -> 0 | M69: 89.29 | N69: 0 | O69: -119146.86
A70: 65 | B70: IS | C70: 2023-09-20 | D70: 2023-10-09 | E70: long | F70: 13387.8 | G70: 2.7472 | H70: 3.3143 | I70: да | J70: 0.3042 | K70: =IF(J70>0,"прибыль",IF(J70<0,"убыток","ноль")) -> прибыль | L70: =IF(C70="",L69,IF(J70<0,L69+1,0)) -> 0 | M70: 304.2 | N70: 4072.51 | O70: -115074.35
A71: 66 | B71: IS | C71: 2023-10-09 | D71: 2023-10-17 | E71: long | F71: 49222.84 | G71: 3.01 | H71: 3.1227 | J71: 0.11243 | K71: =IF(J71>0,"прибыль",IF(J71<0,"убыток","ноль")) -> прибыль | L71: =IF(C71="",L70,IF(J71<0,L70+1,0)) -> 0 | M71: 112.43 | N71: 5534.17 | O71: -109540.18
A72: 67 | B72: IS | C72: 2023-10-17 | D72: 2023-10-25 | E72: short | F72: 53005.95 | G72: 3.1227 | H72: 2.9977 | J72: 0.12469 | K72: =IF(J72>0,"прибыль",IF(J72<0,"убыток","ноль")) -> прибыль | L72: =IF(C72="",L71,IF(J72<0,L71+1,0)) -> 0 | M72: 124.69 | N72: 6609.56 | O72: -102930.61
A73: 68 | B73: IS | C73: 2023-10-25 | D73: 2023-10-26 | E73: long | F73: 59933.81 | G73: 2.9977 | H73: 3.0262 | J73: 0.02818 | K73: =IF(J73>0,"прибыль",IF(J73<0,"убыток","ноль")) -> прибыль | L73: =IF(C73="",L72,IF(J73<0,L72+1,0)) -> 0 | M73: 28.18 | N73: 1688.87 | O73: -101241.74
A74: 69 | B74: IS | C74: 2023-10-26 | D74: 2023-10-27 | E74: short | F74: 58965.58 | G74: 3.0262 | H74: 3.2196 | J74: -0.19365 | K74: =IF(J74>0,"прибыль",IF(J74<0,"убыток","ноль")) -> убыток | L74: =IF(C74="",L73,IF(J74<0,L73+1,0)) -> 1 | M74: -193.65 | N74: -11418.96 | O74: -112660.7
A75: 70 | B75: IS | C75: 2023-10-27 | D75: 2023-11-06 | E75: long | F75: 47358.08 | G75: 3.2196 | H75: 3.4094 | I75: да | J75: 0.01416 | K75: =IF(J75>0,"прибыль",IF(J75<0,"убыток","ноль")) -> прибыль | L75: =IF(C75="",L74,IF(J75<0,L74+1,0)) -> 0 | M75: 14.16 | N75: 670.75 | O75: -111989.96
A76: 71 | B76: IS | C76: 2023-11-06 | D76: 2023-11-07 | E76: short | F76: 0 | G76: 3.4094 | H76: 3.3328 | J76: 0.07641 | K76: =IF(J76>0,"прибыль",IF(J76<0,"убыток","ноль")) -> прибыль | L76: =IF(C76="",L75,IF(J76<0,L75+1,0)) -> 0 | M76: 76.41 | N76: 0 | O76: -111989.96
A77: 72 | B77: IS | C77: 2023-11-07 | D77: 2023-11-08 | E77: short | F77: 48604.12 | G77: 3.4094 | H77: 3.2557 | J77: 0.15335 | K77: =IF(J77>0,"прибыль",IF(J77<0,"убыток","ноль")) -> прибыль | L77: =IF(C77="",L76,IF(J77<0,L76+1,0)) -> 0 | M77: 153.35 | N77: 7453.48 | O77: -104536.48
A78: 73 | B78: IS | C78: 2023-11-08 | D78: 2023-11-09 | E78: long | F78: 0 | G78: 3.2557 | H78: 3.2253 | J78: -0.03052 | K78: =IF(J78>0,"прибыль",IF(J78<0,"убыток","ноль")) -> убыток | L78: =IF(C78="",L77,IF(J78<0,L77+1,0)) -> 1 | M78: -30.52 | N78: 0 | O78: -104536.48
A79: 74 | B79: IS | C79: 2023-11-09 | D79: 2023-11-22 | E79: long | F79: 48437.04 | G79: 3.2557 | H79: 2.8746 | J79: -0.38136 | K79: =IF(J79>0,"прибыль",IF(J79<0,"убыток","ноль")) -> убыток | L79: =IF(C79="",L78,IF(J79<0,L78+1,0)) -> 2 | M79: -381.36 | N79: -18472.1 | O79: -123008.57
A80: 75 | B80: IS | C80: 2023-11-22 | D80: 2023-11-23 | E80: short | F80: 50757.42 | G80: 2.8746 | H80: 2.9135 | J80: -0.03913 | K80: =IF(J80>0,"прибыль",IF(J80<0,"убыток","ноль")) -> убыток | L80: =IF(C80="",L79,IF(J80<0,L79+1,0)) -> 3 | M80: -39.13 | N80: -1985.99 | O80: -124994.56
A81: 76 | B81: IS | C81: 2023-11-23 | D81: 2023-11-24 | E81: long | F81: 49309.38 | G81: 2.9135 | H81: 2.921 | J81: 0.00726 | K81: =IF(J81>0,"прибыль",IF(J81<0,"убыток","ноль")) -> прибыль | L81: =IF(C81="",L80,IF(J81<0,L80+1,0)) -> 0 | M81: 7.26 | N81: 358.22 | O81: -124636.34
A82: 77 | B82: IS | C82: 2023-11-24 | D82: 2023-12-18 | E82: short | F82: 23174.61 | G82: 2.7675 | H82: 2.5309 | I82: да | J82: 0.29856 | K82: =IF(J82>0,"прибыль",IF(J82<0,"убыток","ноль")) -> прибыль | L82: =IF(C82="",L81,IF(J82<0,L81+1,0)) -> 0 | M82: 298.56 | N82: 6918.96 | O82: -117717.38
A83: 78 | B83: IS | C83: 2023-12-18 | D83: 2023-12-22 | E83: short | F83: 17299.29 | G83: 2.8298 | H83: 2.5838 | J83: 0.2459 | K83: =IF(J83>0,"прибыль",IF(J83<0,"убыток","ноль")) -> прибыль | L83: =IF(C83="",L82,IF(J83<0,L82+1,0)) -> 0 | M83: 245.9 | N83: 4253.93 | O83: -113463.46
A84: 79 | B84: IS | C84: 2023-12-22 | D84: 2024-01-05 | E84: short | F84: 14780.56 | G84: 2.8298 | H84: 2.8111 | I84: да | J84: -0.05019 | K84: =IF(J84>0,"прибыль",IF(J84<0,"убыток","ноль")) -> убыток | L84: =IF(C84="",L83,IF(J84<0,L83+1,0)) -> 1 | M84: -50.19 | N84: -741.79 | O84: -114205.25
A85: 80 | B85: IS | C85: 2024-01-05 | D85: 2024-01-15 | E85: short | F85: 43349.99 | G85: 2.761 | H85: 3.1568 | J85: -0.39605 | K85: =IF(J85>0,"прибыль",IF(J85<0,"убыток","ноль")) -> убыток | L85: =IF(C85="",L84,IF(J85<0,L84+1,0)) -> 2 | M85: -396.05 | N85: -17168.64 | O85: -131373.89
A86: 81 | B86: IS | C86: 2024-01-15 | D86: 2024-01-16 | E86: long | F86: 37017.28 | G86: 3.1568 | H86: 3.0795 | J86: -0.07754 | K86: =IF(J86>0,"прибыль",IF(J86<0,"убыток","ноль")) -> убыток | L86: =IF(C86="",L85,IF(J86<0,L85+1,0)) -> 3 | M86: -77.54 | N86: -2870.28 | O86: -134244.16
A87: 82 | B87: IS | C87: 2024-01-16 | D87: 2024-01-17 | E87: short | F87: 0 | G87: 3.0795 | H87: 2.8365 | J87: 0.24284 | K87: =IF(J87>0,"прибыль",IF(J87<0,"убыток","ноль")) -> прибыль | L87: =IF(C87="",L86,IF(J87<0,L86+1,0)) -> 0 | M87: 242.84 | N87: 0 | O87: -134244.16
A88: 83 | B88: IS | D88: 2024-04-25 | E88: short | F88: 92990.03 | H88: 3.043 | J88: 0.70113 | K88: =IF(J88>0,"прибыль",IF(J88<0,"убыток","ноль")) -> прибыль | L88: =IF(C88="",L87,IF(J88<0,L87+1,0)) -> 0 | M88: 701.13 | N88: 65198.55 | O88: -69045.62 | P88: позиция открыта на конец периода: переоценка по закрытию
A89: 84 | B89: OOS | C89: 2024-10-30 | D89: 2024-11-19 | E89: short | F89: 9482.29 | G89: 2.883 | H89: 2.9754 | J89: -0.09315 | K89: =IF(J89>0,"прибыль",IF(J89<0,"убыток","ноль")) -> убыток | L89: =IF(C89="",L88,IF(J89<0,L88+1,0)) -> 1 | M89: -93.15 | N89: -883.27 | O89: -69928.88
A90: 85 | B90: OOS | C90: 2024-11-19 | D90: 2024-12-13 | E90: short | F90: 35551.49 | G90: 2.883 | H90: 3.4441 | I90: да | J90: -0.56564 | K90: =IF(J90>0,"прибыль",IF(J90<0,"убыток","ноль")) -> убыток | L90: =IF(C90="",L89,IF(J90<0,L89+1,0)) -> 2 | M90: -565.64 | N90: -20109.26 | O90: -90038.15
A91: 86 | B91: OOS | C91: 2024-12-13 | D91: 2024-12-16 | E91: long | F91: 32385.27 | G91: 3.4441 | H91: 3.1911 | J91: -0.25326 | K91: =IF(J91>0,"прибыль",IF(J91<0,"убыток","ноль")) -> убыток | L91: =IF(C91="",L90,IF(J91<0,L90+1,0)) -> 3 | M91: -253.26 | N91: -8201.81 | O91: -98239.95
A92: 87 | B92: OOS | C92: 2024-12-16 | D92: 2024-12-17 | E92: short | F92: 32328.23 | G92: 3.1911 | H92: 3.2479 | J92: -0.05706 | K92: =IF(J92>0,"прибыль",IF(J92<0,"убыток","ноль")) -> убыток | L92: =IF(C92="",L91,IF(J92<0,L91+1,0)) -> 4 | M92: -57.06 | N92: -1844.59 | O92: -100084.54
A93: 88 | B93: OOS | C93: 2024-12-17 | D93: 2025-01-03 | E93: long | F93: 10806.49 | G93: 3.2479 | H93: 3.6566 | I93: да | J93: 0.68828 | K93: =IF(J93>0,"прибыль",IF(J93<0,"убыток","ноль")) -> прибыль | L93: =IF(C93="",L92,IF(J93<0,L92+1,0)) -> 0 | M93: 688.28 | N93: 7437.86 | O93: -92646.68
A94: 89 | B94: OOS | C94: 2025-01-03 | D94: 2025-01-08 | E94: long | F94: 5361.14 | G94: 2.9681 | H94: 3.598 | J94: 0.62971 | K94: =IF(J94>0,"прибыль",IF(J94<0,"убыток","ноль")) -> прибыль | L94: =IF(C94="",L93,IF(J94<0,L93+1,0)) -> 0 | M94: 629.71 | N94: 3375.97 | O94: -89270.71
A95: 90 | B95: OOS | C95: 2025-01-08 | D95: 2025-02-20 | E95: long | F95: 5407.44 | G95: 3.0727 | H95: 4.352 | I95: да | J95: 1.49944 | K95: =IF(J95>0,"прибыль",IF(J95<0,"убыток","ноль")) -> прибыль | L95: =IF(C95="",L94,IF(J95<0,L94+1,0)) -> 0 | M95: 1499.44 | N95: 8108.13 | O95: -81162.58
